question_id,run,offset,sufficiency_likelihood,native_margin,answer_accuracy
agentmemorybench:fact-mh-262k:context-0/factconsolidation_mh_262k_no0,3,-2,0.9933071497536828,5.000000101979822,0.0
agentmemorybench:fact-mh-262k:context-0/factconsolidation_mh_262k_no0,3,-1,0.9099070109242132,2.3125000596046448,0.0
agentmemorybench:fact-mh-262k:context-0/factconsolidation_mh_262k_no0,3,0,0.9740426434850707,3.625000027008354,0.8
agentmemorybench:fact-mh-262k:context-0/factconsolidation_mh_262k_no0,3,1,0.9959298620075718,5.499999931780621,0.8
agentmemorybench:fact-mh-262k:context-0/factconsolidation_mh_262k_no1,1,-2,0.5312093733737563,0.125,0.0
agentmemorybench:fact-mh-262k:context-0/factconsolidation_mh_262k_no1,1,-1,0.9796676474921346,3.875000041909516,0.0
agentmemorybench:fact-mh-262k:context-0/factconsolidation_mh_262k_no1,1,0,0.999512142966951,7.62500018402352,0.8
agentmemorybench:fact-mh-262k:context-0/factconsolidation_mh_262k_no1,1,1,0.9940889325091624,5.125000232364982,0.4
agentmemorybench:fact-mh-262k:context-0/factconsolidation_mh_262k_no1,2,-2,0.334589441253186,-0.6875,0.0
agentmemorybench:fact-mh-262k:context-0/factconsolidation_mh_262k_no1,2,-1,0.9525741236248058,2.9999999292194843,0.0
agentmemorybench:fact-mh-262k:context-0/factconsolidation_mh_262k_no1,2,0,0.998674977644098,6.625000046333298,0.6
agentmemorybench:fact-mh-262k:context-0/factconsolidation_mh_262k_no1,3,-2,0.8670357460591569,1.8749998807907104,0.0
agentmemorybench:fact-mh-262k:context-0/factconsolidation_mh_262k_no1,3,-1,0.9399133468805266,2.749999947845936,0.0
agentmemorybench:fact-mh-262k:context-0/factconsolidation_mh_262k_no1,3,0,0.9990302482047776,6.937500178115442,0.8
agentmemorybench:fact-mh-262k:context-0/factconsolidation_mh_262k_no12,1,-2,0.9859363705031758,4.249999823048711,0.0
agentmemorybench:fact-mh-262k:context-0/factconsolidation_mh_262k_no12,1,-1,0.9820137919789702,4.000000109896064,0.0
agentmemorybench:fact-mh-262k:context-0/factconsolidation_mh_262k_no12,1,0,0.9989677689617448,6.8749999985448085,1.0
agentmemorybench:fact-mh-262k:context-0/factconsolidation_mh_262k_no13,1,-2,0.9149009491921662,2.374999925494194,0.0
agentmemorybench:fact-mh-262k:context-0/factconsolidation_mh_262k_no13,1,-1,0.8175744828610095,1.5000000447034836,0.0
agentmemorybench:fact-mh-262k:context-0/factconsolidation_mh_262k_no13,1,0,0.9990302479753176,6.93749994126847,1.0
agentmemorybench:fact-mh-262k:context-0/factconsolidation_mh_262k_no13,2,-2,0.9324533032291502,2.624999910593033,0.0
agentmemorybench:fact-mh-262k:context-0/factconsolidation_mh_262k_no13,2,-1,0.946596671895044,2.8750000335276127,0.0
agentmemorybench:fact-mh-262k:context-0/factconsolidation_mh_262k_no13,2,0,0.9984988176547924,6.499999940977432,1.0
agentmemorybench:fact-mh-262k:context-0/factconsolidation_mh_262k_no13,3,-2,0.9399133488792356,2.7499999832361937,0.0
agentmemorybench:fact-mh-262k:context-0/factconsolidation_mh_262k_no13,3,-1,0.977022629295484,3.749999964609742,0.0
agentmemorybench:fact-mh-262k:context-0/factconsolidation_mh_262k_no13,3,0,0.9988304896010288,6.749999885360012,1.0
agentmemorybench:fact-mh-262k:context-0/factconsolidation_mh_262k_no14,1,-2,0.0203323540475954,-3.874999964609742,0.0
agentmemorybench:fact-mh-262k:context-0/factconsolidation_mh_262k_no14,1,-1,0.9626731157347208,3.250000085681677,0.0
agentmemorybench:fact-mh-262k:context-0/factconsolidation_mh_262k_no14,1,0,0.9998204720122832,8.62499989765638,1.0
agentmemorybench:fact-mh-262k:context-0/factconsolidation_mh_262k_no14,2,-2,0.9924227581491072,4.874999922467396,0.0
agentmemorybench:fact-mh-262k:context-0/factconsolidation_mh_262k_no14,2,-1,0.9947798734673536,5.249999838415533,0.0
agentmemorybench:fact-mh-262k:context-0/factconsolidation_mh_262k_no14,2,0,0.9998601779591674,8.875000249026925,1.0
agentmemorybench:fact-mh-262k:context-0/factconsolidation_mh_262k_no14,3,-2,0.0203323547710832,-3.8749999282881618,0.0
agentmemorybench:fact-mh-262k:context-0/factconsolidation_mh_262k_no14,3,-1,0.9669140248290712,3.375000100582838,0.0
agentmemorybench:fact-mh-262k:context-0/factconsolidation_mh_262k_no14,3,0,0.9994115911099544,7.4374998784333,0.8
agentmemorybench:fact-mh-262k:context-0/factconsolidation_mh_262k_no15,1,-2,0.9465966754730988,2.8750001043081284,0.0
agentmemorybench:fact-mh-262k:context-0/factconsolidation_mh_262k_no15,1,-1,0.9603611632389424,3.18750006146729,0.0
agentmemorybench:fact-mh-262k:context-0/factconsolidation_mh_262k_no15,1,0,0.9996200155129514,7.875000072934199,1.0
agentmemorybench:fact-mh-262k:context-0/factconsolidation_mh_262k_no15,2,-2,0.9399133471961122,2.7499999534338713,0.0
agentmemorybench:fact-mh-262k:context-0/factconsolidation_mh_262k_no15,2,-1,0.962673111183377,3.2499999590218067,0.0
agentmemorybench:fact-mh-262k:context-0/factconsolidation_mh_262k_no15,2,0,0.9997040429349234,8.125000163709046,1.0
agentmemorybench:fact-mh-262k:context-0/factconsolidation_mh_262k_no15,3,-2,0.9740426441679384,3.6250000540167098,1.0
agentmemorybench:fact-mh-262k:context-0/factconsolidation_mh_262k_no15,3,-1,0.9830850870894692,4.062500021420419,1.0
agentmemorybench:fact-mh-262k:context-0/factconsolidation_mh_262k_no15,3,0,0.9986749775686916,6.624999989347998,1.0
agentmemorybench:fact-mh-262k:context-0/factconsolidation_mh_262k_no21,1,-2,0.0124316499384702,-4.375000074505806,0.0
agentmemorybench:fact-mh-262k:context-0/factconsolidation_mh_262k_no21,1,-1,0.9465966745315056,2.875000085681677,0.0
agentmemorybench:fact-mh-262k:context-0/factconsolidation_mh_262k_no21,1,0,0.9968273177826794,5.7500001976732165,1.0
agentmemorybench:fact-mh-262k:context-0/factconsolidation_mh_262k_no21,1,1,0.9959298627371258,5.500000111758709,1.0
agentmemorybench:fact-mh-262k:context-0/factconsolidation_mh_262k_no21,2,-2,0.0124316499384702,-4.375000074505806,0.0
agentmemorybench:fact-mh-262k:context-0/factconsolidation_mh_262k_no21,2,-1,0.9465966660571644,2.8749999180436134,0.0
agentmemorybench:fact-mh-262k:context-0/factconsolidation_mh_262k_no21,2,0,0.9986749776484114,6.625000049592927,1.0
agentmemorybench:fact-mh-262k:context-0/factconsolidation_mh_262k_no21,2,1,0.8933094131553264,2.125000074505806,1.0
agentmemorybench:fact-mh-262k:context-0/factconsolidation_mh_262k_no21,2,2,0.9740426398352604,3.624999882653355,1.0
agentmemorybench:fact-mh-262k:context-0/factconsolidation_mh_262k_no21,3,-2,0.0124316510304119,-4.3749999855645,0.0
agentmemorybench:fact-mh-262k:context-0/factconsolidation_mh_262k_no21,3,-1,0.9399133498259924,2.75,0.0
agentmemorybench:fact-mh-262k:context-0/factconsolidation_mh_262k_no21,3,0,0.9964063978091656,5.6250001090811566,1.0
agentmemorybench:fact-mh-262k:context-0/factconsolidation_mh_262k_no21,3,1,0.9724147181479416,3.5625000139698386,1.0
agentmemorybench:fact-mh-262k:context-0/factconsolidation_mh_262k_no21,3,2,0.9970189673870944,5.812500039348379,1.0
agentmemorybench:fact-mh-262k:context-0/factconsolidation_mh_262k_no23,1,-2,0.7772998611746911,1.25,0.0
agentmemorybench:fact-mh-262k:context-0/factconsolidation_mh_262k_no23,1,-1,0.9626731111164454,3.2499999571591616,0.0
agentmemorybench:fact-mh-262k:context-0/factconsolidation_mh_262k_no23,1,0,0.9993736657415496,7.374999839696102,1.0
agentmemorybench:fact-mh-262k:context-0/factconsolidation_mh_262k_no23,2,-2,0.9553191309994468,3.0625000298023224,0.0
agentmemorybench:fact-mh-262k:context-0/factconsolidation_mh_262k_no23,2,-1,0.955319129806856,3.062500001862645,0.0
agentmemorybench:fact-mh-262k:context-0/factconsolidation_mh_262k_no23,2,0,0.999144099426248,7.062500073661795,1.0
agentmemorybench:fact-mh-262k:context-0/factconsolidation_mh_262k_no23,3,-2,0.6224593347036828,0.5000000149011612,0.0
agentmemorybench:fact-mh-262k:context-0/factconsolidation_mh_262k_no23,3,-1,0.970687767234724,3.4999999292194843,0.0
agentmemorybench:fact-mh-262k:context-0/factconsolidation_mh_262k_no23,3,0,0.9902915220948488,4.624999851919711,1.0
agentmemorybench:fact-mh-262k:context-0/factconsolidation_mh_262k_no24,2,-2,0.9991440993758484,7.062500014726538,0.8
agentmemorybench:fact-mh-262k:context-0/factconsolidation_mh_262k_no24,2,-1,0.9875683469400628,4.374999820254743,0.8
agentmemorybench:fact-mh-262k:context-0/factconsolidation_mh_262k_no24,2,0,0.9968273173566984,5.750000062980689,0.8
agentmemorybench:fact-mh-262k:context-0/factconsolidation_mh_262k_no26,1,-2,0.0109869404952807,-4.500000196509063,0.0
agentmemorybench:fact-mh-262k:context-0/factconsolidation_mh_262k_no26,1,-1,0.8519528076067262,1.7500000447034836,0.0
agentmemorybench:fact-mh-262k:context-0/factconsolidation_mh_262k_no26,1,0,0.999290329528042,7.2499998972634785,1.0
agentmemorybench:fact-mh-262k:context-0/factconsolidation_mh_262k_no26,2,-2,0.0109869404952807,-4.500000196509063,0.0
agentmemorybench:fact-mh-262k:context-0/factconsolidation_mh_262k_no26,2,-1,0.8354835432479661,1.6250000447034836,0.0
agentmemorybench:fact-mh-262k:context-0/factconsolidation_mh_262k_no26,2,0,0.999088948700192,6.999999884195859,0.6
agentmemorybench:fact-mh-262k:context-0/factconsolidation_mh_262k_no26,3,-2,0.010986941815936,-4.500000074971467,0.0
agentmemorybench:fact-mh-262k:context-0/factconsolidation_mh_262k_no26,3,-1,0.9603611567155504,3.187499890103936,0.0
agentmemorybench:fact-mh-262k:context-0/factconsolidation_mh_262k_no26,3,0,0.999569442934564,7.750000036918209,1.0
agentmemorybench:fact-mh-262k:context-0/factconsolidation_mh_262k_no28,1,-2,0.946596664362296,2.8749998845160007,0.0
agentmemorybench:fact-mh-262k:context-0/factconsolidation_mh_262k_no28,1,-1,0.9626731135259804,3.250000024214387,0.0
agentmemorybench:fact-mh-262k:context-0/factconsolidation_mh_262k_no28,1,0,0.9988304895873956,6.749999873689376,1.0
agentmemorybench:fact-mh-262k:context-0/factconsolidation_mh_262k_no28,2,-2,0.6654105554292292,0.6874999850988388,0.0
agentmemorybench:fact-mh-262k:context-0/factconsolidation_mh_262k_no28,2,-1,0.9626731132582542,3.2500000167638063,0.0
agentmemorybench:fact-mh-262k:context-0/factconsolidation_mh_262k_no28,2,0,0.9975273766374864,5.999999916530214,1.0
agentmemorybench:fact-mh-262k:context-0/factconsolidation_mh_262k_no28,3,-2,0.766293653760418,1.1875000596046448,0.0
agentmemorybench:fact-mh-262k:context-0/factconsolidation_mh_262k_no28,3,-1,0.9603611619626266,3.1875000279396772,0.0
agentmemorybench:fact-mh-262k:context-0/factconsolidation_mh_262k_no28,3,0,0.9973683255353012,5.937499813386239,0.8
agentmemorybench:fact-mh-262k:context-0/factconsolidation_mh_262k_no29,1,-2,0.7772998611746911,1.25,0.0
agentmemorybench:fact-mh-262k:context-0/factconsolidation_mh_262k_no29,1,-1,0.9579122767402743,3.1250001154839993,0.0
agentmemorybench:fact-mh-262k:context-0/factconsolidation_mh_262k_no29,1,0,0.9998766054249618,9.000000007683411,1.0
agentmemorybench:fact-mh-262k:context-0/factconsolidation_mh_262k_no29,2,-2,0.9770226315953248,3.750000067055226,0.0
agentmemorybench:fact-mh-262k:context-0/factconsolidation_mh_262k_no29,2,-1,0.9783846679070064,3.812500031664967,0.0
agentmemorybench:fact-mh-262k:context-0/factconsolidation_mh_262k_no29,2,0,0.9994472212503942,7.499999796040356,1.0
agentmemorybench:fact-mh-262k:context-0/factconsolidation_mh_262k_no29,3,-2,0.7981867873410141,1.3750000596046448,0.0
agentmemorybench:fact-mh-262k:context-0/factconsolidation_mh_262k_no29,3,-1,0.9579122721594764,3.125000001862645,0.0
agentmemorybench:fact-mh-262k:context-0/factconsolidation_mh_262k_no29,3,0,0.999920326961907,9.437499645624484,1.0
agentmemorybench:fact-mh-262k:context-0/factconsolidation_mh_262k_no3,3,-2,0.9982992778743714,6.375000168336555,0.0
agentmemorybench:fact-mh-262k:context-0/factconsolidation_mh_262k_no3,3,-1,0.974042643343788,3.625000021420419,0.0
agentmemorybench:fact-mh-262k:context-0/factconsolidation_mh_262k_no3,3,0,0.9991440993235076,7.062499953521183,0.8
agentmemorybench:fact-mh-262k:context-0/factconsolidation_mh_262k_no30,1,-2,0.0203323534539645,-3.874999994412065,0.0
agentmemorybench:fact-mh-262k:context-0/factconsolidation_mh_262k_no30,1,-1,0.9433475706106724,2.812499923631549,0.0
agentmemorybench:fact-mh-262k:context-0/factconsolidation_mh_262k_no30,1,0,0.9999646437492844,10.25000000073851,1.0
agentmemorybench:fact-mh-262k:context-0/factconsolidation_mh_262k_no30,2,-2,0.0203323534539645,-3.874999994412065,0.0
agentmemorybench:fact-mh-262k:context-0/factconsolidation_mh_262k_no30,2,-1,0.9046505383142494,2.250000037252903,0.0
agentmemorybench:fact-mh-262k:context-0/factconsolidation_mh_262k_no30,2,0,0.999684961247976,8.062499816020136,1.0
agentmemorybench:fact-mh-262k:context-0/factconsolidation_mh_262k_no30,2,1,0.999447221352448,7.499999980762368,1.0
agentmemorybench:fact-mh-262k:context-0/factconsolidation_mh_262k_no30,2,2,0.9998686481885598,8.93749989054777,1.0
agentmemorybench:fact-mh-262k:context-0/factconsolidation_mh_262k_no30,3,-2,0.6926419736178532,0.8124999552965164,0.0
agentmemorybench:fact-mh-262k:context-0/factconsolidation_mh_262k_no30,3,-1,0.9989677690861096,6.875000119151082,0.0
agentmemorybench:fact-mh-262k:context-0/factconsolidation_mh_262k_no30,3,0,0.9981897889614916,6.312499993189704,1.0
agentmemorybench:fact-mh-262k:context-0/factconsolidation_mh_262k_no31,1,-2,0.2568319942316933,-1.0624999850988388,0.0
agentmemorybench:fact-mh-262k:context-0/factconsolidation_mh_262k_no31,1,-1,0.9579122701319096,3.124999951571226,0.0
agentmemorybench:fact-mh-262k:context-0/factconsolidation_mh_262k_no31,1,0,0.999808895710472,8.5625001379085,1.0
agentmemorybench:fact-mh-262k:context-0/factconsolidation_mh_262k_no37,1,-2,0.95531913012488,3.0625000093132257,0.0
agentmemorybench:fact-mh-262k:context-0/factconsolidation_mh_262k_no37,1,-1,0.8596637478133583,1.8124999776482584,0.0
agentmemorybench:fact-mh-262k:context-0/factconsolidation_mh_262k_no37,1,0,0.9996849612280264,8.062499752675649,1.0
agentmemorybench:fact-mh-262k:context-0/factconsolidation_mh_262k_no37,2,-2,0.9648551508200914,3.3124999180436134,0.0
agentmemorybench:fact-mh-262k:context-0/factconsolidation_mh_262k_no37,2,-1,0.7662936457545743,1.1875000149011612,0.0
agentmemorybench:fact-mh-262k:context-0/factconsolidation_mh_262k_no37,2,0,0.9971990729148468,5.874999957741238,1.0
agentmemorybench:fact-mh-262k:context-0/factconsolidation_mh_262k_no37,3,-2,0.9196425347566864,2.437500048428774,0.0
agentmemorybench:fact-mh-262k:context-0/factconsolidation_mh_262k_no37,3,-1,0.9324533112067128,2.625000037252903,0.0
agentmemorybench:fact-mh-262k:context-0/factconsolidation_mh_262k_no37,3,0,0.9994115911795092,7.437499996711267,0.8
agentmemorybench:fact-mh-262k:context-0/factconsolidation_mh_262k_no38,1,-2,0.9553191312379647,3.062500035390258,0.0
agentmemorybench:fact-mh-262k:context-0/factconsolidation_mh_262k_no38,1,-1,0.9669140207770578,3.374999973922968,0.0
agentmemorybench:fact-mh-262k:context-0/factconsolidation_mh_262k_no38,1,0,0.9992445944505096,7.187500110274414,1.0
agentmemorybench:fact-mh-262k:context-0/factconsolidation_mh_262k_no38,2,-2,0.9964063973735604,5.624999987427145,0.2
agentmemorybench:fact-mh-262k:context-0/factconsolidation_mh_262k_no38,2,-1,0.9553191320330254,3.0625000540167093,0.2
agentmemorybench:fact-mh-262k:context-0/factconsolidation_mh_262k_no38,2,0,0.9971990729018406,5.874999953084625,1.0
agentmemorybench:fact-mh-262k:context-0/factconsolidation_mh_262k_no38,3,-2,0.84389509961001,1.6874999776482582,0.0
agentmemorybench:fact-mh-262k:context-0/factconsolidation_mh_262k_no38,3,-1,0.9924227582471548,4.874999935505912,0.0
agentmemorybench:fact-mh-262k:context-0/factconsolidation_mh_262k_no38,3,0,0.9994806951134806,7.562499957566615,1.0
agentmemorybench:fact-mh-262k:context-0/factconsolidation_mh_262k_no39,1,-2,0.8807970877561717,2.0000000931322575,0.0
agentmemorybench:fact-mh-262k:context-0/factconsolidation_mh_262k_no39,1,-1,0.9706877699641152,3.5000000251457095,0.0
agentmemorybench:fact-mh-262k:context-0/factconsolidation_mh_262k_no39,1,0,0.9988304898406084,6.750000090454705,1.0
agentmemorybench:fact-mh-262k:context-0/factconsolidation_mh_262k_no39,1,1,0.9850429151975084,4.187500121537596,1.0
agentmemorybench:fact-mh-262k:context-0/factconsolidation_mh_262k_no39,1,2,0.979667644561082,3.874999894760549,1.0
agentmemorybench:fact-mh-262k:context-0/factconsolidation_mh_262k_no39,2,-2,0.5467381519846138,0.1875,0.0
agentmemorybench:fact-mh-262k:context-0/factconsolidation_mh_262k_no39,2,-1,0.9324533093296392,2.6250000074505806,0.0
agentmemorybench:fact-mh-262k:context-0/factconsolidation_mh_262k_no39,2,0,0.999684961246748,8.062499812120222,1.0
agentmemorybench:fact-mh-262k:context-0/factconsolidation_mh_262k_no39,3,-2,0.182425521583901,-1.5000000149011612,0.0
agentmemorybench:fact-mh-262k:context-0/factconsolidation_mh_262k_no39,3,-1,0.9850429127344956,4.187499954365194,0.0
agentmemorybench:fact-mh-262k:context-0/factconsolidation_mh_262k_no39,3,0,0.9995416871209436,7.68750004710455,1.0
agentmemorybench:fact-mh-262k:context-0/factconsolidation_mh_262k_no40,1,-2,0.96036116189172,3.187500026077032,0.0
agentmemorybench:fact-mh-262k:context-0/factconsolidation_mh_262k_no40,1,-1,0.9808759649087644,3.9375000884756446,0.0
agentmemorybench:fact-mh-262k:context-0/factconsolidation_mh_262k_no40,1,0,0.9996430293241731,7.937499885694706,1.0
agentmemorybench:fact-mh-262k:context-0/factconsolidation_mh_262k_no40,2,-2,0.9496693653548398,2.9374999571591616,0.0
agentmemorybench:fact-mh-262k:context-0/factconsolidation_mh_262k_no40,2,-1,0.8596637505099167,1.8125,0.0
agentmemorybench:fact-mh-262k:context-0/factconsolidation_mh_262k_no40,2,0,0.9998601779007508,8.874999831175955,0.6
agentmemorybench:fact-mh-262k:context-0/factconsolidation_mh_262k_no41,1,-2,0.3208213105652724,-0.7499999552965164,0.0
agentmemorybench:fact-mh-262k:context-0/factconsolidation_mh_262k_no41,1,-1,0.2227001336663842,-1.2500000298023224,0.0
agentmemorybench:fact-mh-262k:context-0/factconsolidation_mh_262k_no41,1,0,0.4532618480153861,-0.1875,1.0
agentmemorybench:fact-mh-262k:context-0/factconsolidation_mh_262k_no41,1,1,0.2942149752572525,-0.8749999850988388,1.0
agentmemorybench:fact-mh-262k:context-0/factconsolidation_mh_262k_no41,1,2,0.1645164669929161,-1.6249999701976776,1.0
agentmemorybench:fact-mh-262k:context-0/factconsolidation_mh_262k_no41,2,-2,0.0203323529345374,-3.8750000204890966,0.0
agentmemorybench:fact-mh-262k:context-0/factconsolidation_mh_262k_no41,2,-1,0.6370308013713525,0.5625000298023224,0.0
agentmemorybench:fact-mh-262k:context-0/factconsolidation_mh_262k_no41,2,0,0.6076631698328917,0.4375,1.0
agentmemorybench:fact-mh-262k:context-0/factconsolidation_mh_262k_no41,2,1,0.125922758684703,-1.9375000558793545,0.8
agentmemorybench:fact-mh-262k:context-0/factconsolidation_mh_262k_no41,2,2,0.0503306358025464,-2.937499932944774,0.8
agentmemorybench:fact-mh-262k:context-0/factconsolidation_mh_262k_no41,3,-2,0.1192029157640123,-2.0000000596046448,0.0
agentmemorybench:fact-mh-262k:context-0/factconsolidation_mh_262k_no41,3,-1,0.3486451387178759,-0.6249999850988388,0.0
agentmemorybench:fact-mh-262k:context-0/factconsolidation_mh_262k_no41,3,0,0.6076631733854572,0.4375000149011612,1.0
agentmemorybench:fact-mh-262k:context-0/factconsolidation_mh_262k_no41,3,1,0.2450850076183952,-1.1250000298023224,1.0
agentmemorybench:fact-mh-262k:context-0/factconsolidation_mh_262k_no41,3,2,0.067546695832313,-2.624999925494194,1.0
agentmemorybench:fact-mh-262k:context-0/factconsolidation_mh_262k_no43,1,-2,0.8438951045175643,1.6875000149011612,0.6
agentmemorybench:fact-mh-262k:context-0/factconsolidation_mh_262k_no43,1,-1,0.9830850844412306,4.062499862164259,0.4
agentmemorybench:fact-mh-262k:context-0/factconsolidation_mh_262k_no43,1,0,0.9973683260034206,5.937499991734512,1.0
agentmemorybench:fact-mh-262k:context-0/factconsolidation_mh_262k_no43,2,-2,0.4073334000459302,-0.375,1.0
agentmemorybench:fact-mh-262k:context-0/factconsolidation_mh_262k_no43,2,-1,0.9706877712095656,3.5000000689178705,0.4
agentmemorybench:fact-mh-262k:context-0/factconsolidation_mh_262k_no43,2,0,0.9975273767221924,5.999999950872734,1.0
agentmemorybench:fact-mh-262k:context-0/factconsolidation_mh_262k_no43,3,-2,0.5621765008857981,0.25,0.6
agentmemorybench:fact-mh-262k:context-0/factconsolidation_mh_262k_no43,3,-1,0.9890130555123932,4.499999829102308,0.2
agentmemorybench:fact-mh-262k:context-0/factconsolidation_mh_262k_no43,3,0,0.9968273169837352,5.749999945051968,1.0
agentmemorybench:fact-mh-262k:context-0/factconsolidation_mh_262k_no43,3,1,0.9914225149862425,4.75000004703179,1.0
agentmemorybench:fact-mh-262k:context-0/factconsolidation_mh_262k_no44,1,-2,0.7431680086124811,1.0625,0.0
agentmemorybench:fact-mh-262k:context-0/factconsolidation_mh_262k_no44,1,-1,0.7310585698407664,0.9999999552965164,0.0
agentmemorybench:fact-mh-262k:context-0/factconsolidation_mh_262k_no44,1,0,0.9980732654859932,6.25000007764902,1.0
agentmemorybench:fact-mh-262k:context-0/factconsolidation_mh_262k_no44,2,-2,0.9433475728006672,2.812499964609742,0.0
agentmemorybench:fact-mh-262k:context-0/factconsolidation_mh_262k_no44,2,-1,0.8670357683915538,1.875000074505806,0.0
agentmemorybench:fact-mh-262k:context-0/factconsolidation_mh_262k_no44,2,0,0.9994806951134806,7.562499957566615,0.8
agentmemorybench:fact-mh-262k:context-0/factconsolidation_mh_262k_no44,3,-2,0.9859363746484324,4.250000122003257,0.0
agentmemorybench:fact-mh-262k:context-0/factconsolidation_mh_262k_no44,3,-1,0.97557690883638,3.6874999534338713,0.0
agentmemorybench:fact-mh-262k:context-0/factconsolidation_mh_262k_no44,3,0,0.9973683260003652,5.937499990570359,0.6
agentmemorybench:fact-mh-262k:context-0/factconsolidation_mh_262k_no44,3,1,0.9808759632491112,3.9375,0.8
agentmemorybench:fact-mh-262k:context-0/factconsolidation_mh_262k_no44,3,2,0.988312742101122,4.437500008381903,0.8
agentmemorybench:fact-mh-262k:context-0/factconsolidation_mh_262k_no45,1,-2,0.9867771790436428,4.312500061001629,0.0
agentmemorybench:fact-mh-262k:context-0/factconsolidation_mh_262k_no45,1,-1,0.972414719122244,3.562500050291419,0.0
agentmemorybench:fact-mh-262k:context-0/factconsolidation_mh_262k_no45,1,0,0.9995121429383268,7.625000125321094,0.8
agentmemorybench:fact-mh-262k:context-0/factconsolidation_mh_262k_no45,2,-2,0.8438951054990752,1.6875000223517418,0.0
agentmemorybench:fact-mh-262k:context-0/factconsolidation_mh_262k_no45,2,-1,0.9603611595518078,3.187499964609742,0.0
agentmemorybench:fact-mh-262k:context-0/factconsolidation_mh_262k_no45,2,0,0.998299277324302,6.374999844352715,1.0
agentmemorybench:fact-mh-262k:context-0/factconsolidation_mh_262k_no45,3,-2,0.9099070103134425,2.312500052154064,0.0
agentmemorybench:fact-mh-262k:context-0/factconsolidation_mh_262k_no45,3,-1,0.9362850071925534,2.687500024214387,0.0
agentmemorybench:fact-mh-262k:context-0/factconsolidation_mh_262k_no45,3,0,0.999512142761244,7.6249997621634975,1.0
agentmemorybench:fact-mh-262k:context-0/factconsolidation_mh_262k_no46,3,-2,0.7772998663336157,1.2500000298023224,0.0
agentmemorybench:fact-mh-262k:context-0/factconsolidation_mh_262k_no46,3,-1,0.9755769090360924,3.6874999618157744,0.0
agentmemorybench:fact-mh-262k:context-0/factconsolidation_mh_262k_no46,3,0,0.9993736658534952,7.37500001853914,0.6
agentmemorybench:fact-mh-262k:context-0/factconsolidation_mh_262k_no48,2,-2,0.9099070026788096,2.3124999590218067,0.2
agentmemorybench:fact-mh-262k:context-0/factconsolidation_mh_262k_no48,2,-1,0.9553191306019164,3.0625000204890966,0.0
agentmemorybench:fact-mh-262k:context-0/factconsolidation_mh_262k_no48,2,0,0.9964063970421672,5.624999894876964,1.0
agentmemorybench:fact-mh-262k:context-0/factconsolidation_mh_262k_no48,3,-2,0.5774953651858118,0.3125,0.0
agentmemorybench:fact-mh-262k:context-0/factconsolidation_mh_262k_no48,3,-1,0.9603611591972756,3.1874999552965164,0.0
agentmemorybench:fact-mh-262k:context-0/factconsolidation_mh_262k_no48,3,0,0.9997834559811132,8.437500143227226,0.8
agentmemorybench:fact-mh-262k:context-0/factconsolidation_mh_262k_no49,1,-2,0.7431680114566557,1.0625000149011612,0.0
agentmemorybench:fact-mh-262k:context-0/factconsolidation_mh_262k_no49,1,-1,0.8933093996634686,2.124999932944774,0.0
agentmemorybench:fact-mh-262k:context-0/factconsolidation_mh_262k_no49,1,0,0.9994806950209116,7.562499779218342,1.0
agentmemorybench:fact-mh-262k:context-0/factconsolidation_mh_262k_no49,2,-2,0.7879311943979352,1.3124999925494194,0.0
agentmemorybench:fact-mh-262k:context-0/factconsolidation_mh_262k_no49,2,-1,0.8596637469145053,1.8124999701976776,0.0
agentmemorybench:fact-mh-262k:context-0/factconsolidation_mh_262k_no49,2,0,0.9984988176239934,6.4999999204301275,1.0
agentmemorybench:fact-mh-262k:context-0/factconsolidation_mh_262k_no49,3,-2,0.9603611594809012,3.187499962747097,0.0
agentmemorybench:fact-mh-262k:context-0/factconsolidation_mh_262k_no49,3,-1,0.93991335382341,2.7500000707805157,0.0
agentmemorybench:fact-mh-262k:context-0/factconsolidation_mh_262k_no49,3,0,0.9966233880288272,5.687500122003257,1.0
agentmemorybench:fact-mh-262k:context-0/factconsolidation_mh_262k_no5,1,-2,0.6224593347036828,0.5000000149011612,0.0
agentmemorybench:fact-mh-262k:context-0/factconsolidation_mh_262k_no5,1,-1,0.679178699175393,0.75,0.0
agentmemorybench:fact-mh-262k:context-0/factconsolidation_mh_262k_no5,1,0,0.9706877691956456,3.499999998137355,1.0
agentmemorybench:fact-mh-262k:context-0/factconsolidation_mh_262k_no5,1,1,0.9724147179480848,3.562500006519258,1.0
agentmemorybench:fact-mh-262k:context-0/factconsolidation_mh_262k_no5,1,2,0.9783846657601738,3.812499930150807,1.0
agentmemorybench:fact-mh-262k:context-0/factconsolidation_mh_262k_no5,2,-2,0.8267117940706734,1.5625,0.0
agentmemorybench:fact-mh-262k:context-0/factconsolidation_mh_262k_no5,2,-1,0.7185943955841166,0.9375000149011612,0.0
agentmemorybench:fact-mh-262k:context-0/factconsolidation_mh_262k_no5,2,0,0.9944450745490429,5.187499864725396,1.0
agentmemorybench:fact-mh-262k:context-0/factconsolidation_mh_262k_no5,3,-2,0.5926665999540697,0.375,0.0
agentmemorybench:fact-mh-262k:context-0/factconsolidation_mh_262k_no5,3,-1,0.6224593312018546,0.5,0.0
agentmemorybench:fact-mh-262k:context-0/factconsolidation_mh_262k_no5,3,0,0.9688561706173884,3.4375000381842256,1.0
agentmemorybench:fact-mh-262k:context-0/factconsolidation_mh_262k_no5,3,1,0.97557691234244,3.687500100582838,1.0
agentmemorybench:fact-mh-262k:context-0/factconsolidation_mh_262k_no5,3,2,0.998674977644098,6.625000046333298,1.0
agentmemorybench:fact-mh-262k:context-0/factconsolidation_mh_262k_no50,1,-2,0.6791787121629466,0.7500000596046448,0.0
agentmemorybench:fact-mh-262k:context-0/factconsolidation_mh_262k_no50,1,-1,0.7879311931529758,1.3124999850988388,0.0
agentmemorybench:fact-mh-262k:context-0/factconsolidation_mh_262k_no50,1,0,0.9989677689796312,6.875000015890691,1.0
agentmemorybench:fact-mh-262k:context-0/factconsolidation_mh_262k_no50,3,-2,0.8175744739711884,1.4999999850988388,0.0
agentmemorybench:fact-mh-262k:context-0/factconsolidation_mh_262k_no50,3,-1,0.9284087951081424,2.5624999180436134,0.0
agentmemorybench:fact-mh-262k:context-0/factconsolidation_mh_262k_no50,3,0,0.9993736658908952,7.375000078289304,1.0
agentmemorybench:fact-mh-262k:context-0/factconsolidation_mh_262k_no51,1,-2,0.8807970850182507,2.000000067055226,0.0
agentmemorybench:fact-mh-262k:context-0/factconsolidation_mh_262k_no51,1,-1,0.9669140201811736,3.3749999552965164,0.0
agentmemorybench:fact-mh-262k:context-0/factconsolidation_mh_262k_no51,1,0,0.997949256182166,6.187499864201527,0.8
agentmemorybench:fact-mh-262k:context-0/factconsolidation_mh_262k_no51,2,-2,0.9976768372032282,6.062499881722033,0.0
agentmemorybench:fact-mh-262k:context-0/factconsolidation_mh_262k_no51,2,-1,0.9603611575664274,3.187499912455678,0.0
agentmemorybench:fact-mh-262k:context-0/factconsolidation_mh_262k_no51,2,0,0.9988304897040748,6.749999973573722,0.2
agentmemorybench:fact-mh-262k:context-0/factconsolidation_mh_262k_no51,3,-2,0.9362850037479316,2.6874999664723873,0.0
agentmemorybench:fact-mh-262k:context-0/factconsolidation_mh_262k_no51,3,-1,0.9525741258126562,2.999999977648258,0.0
agentmemorybench:fact-mh-262k:context-0/factconsolidation_mh_262k_no51,3,0,0.998755156636036,6.68749995023245,1.0
agentmemorybench:fact-mh-262k:context-0/factconsolidation_mh_262k_no52,1,-2,0.7431680086124811,1.0625,0.0
agentmemorybench:fact-mh-262k:context-0/factconsolidation_mh_262k_no52,1,-1,0.6370307944803831,0.5625,0.0
agentmemorybench:fact-mh-262k:context-0/factconsolidation_mh_262k_no52,1,0,0.9992445944072972,7.187500053027179,1.0
agentmemorybench:fact-mh-262k:context-0/factconsolidation_mh_262k_no52,2,-2,0.970687769540132,3.5000000102445483,0.0
agentmemorybench:fact-mh-262k:context-0/factconsolidation_mh_262k_no52,2,-1,0.9465966680345108,2.8749999571591616,0.0
agentmemorybench:fact-mh-262k:context-0/factconsolidation_mh_262k_no52,2,0,0.994445074900168,5.187499928288162,1.0
agentmemorybench:fact-mh-262k:context-0/factconsolidation_mh_262k_no54,2,-2,0.3208212975777186,-0.7500000149011612,0.0
agentmemorybench:fact-mh-262k:context-0/factconsolidation_mh_262k_no54,2,-1,0.9465966734015936,2.875000063329935,0.0
agentmemorybench:fact-mh-262k:context-0/factconsolidation_mh_262k_no54,2,0,0.9981897888571556,6.312499935447704,1.0
agentmemorybench:fact-mh-262k:context-0/factconsolidation_mh_262k_no54,3,-2,0.3486451285660856,-0.6250000298023224,0.0
agentmemorybench:fact-mh-262k:context-0/factconsolidation_mh_262k_no54,3,-1,0.9724147192221724,3.5625000540167093,0.0
agentmemorybench:fact-mh-262k:context-0/factconsolidation_mh_262k_no54,3,0,0.9995694428565678,7.749999855688657,1.0
agentmemorybench:fact-mh-262k:context-0/factconsolidation_mh_262k_no55,1,-2,0.9362850065258526,2.687500013038516,0.0
agentmemorybench:fact-mh-262k:context-0/factconsolidation_mh_262k_no55,1,-1,0.8740772318846387,1.9374999701976776,0.0
agentmemorybench:fact-mh-262k:context-0/factconsolidation_mh_262k_no55,1,0,0.904650541848944,2.2500000782310963,1.0
agentmemorybench:fact-mh-262k:context-0/factconsolidation_mh_262k_no55,1,1,0.8670357572253558,1.8749999776482584,1.0
agentmemorybench:fact-mh-262k:context-0/factconsolidation_mh_262k_no55,1,2,0.9840936076540274,4.124999959487468,1.0
agentmemorybench:fact-mh-262k:context-0/factconsolidation_mh_262k_no55,2,-2,0.9399133448818175,2.749999912455678,0.0
agentmemorybench:fact-mh-262k:context-0/factconsolidation_mh_262k_no55,2,-1,0.9046505299595164,2.2499999403953552,0.0
agentmemorybench:fact-mh-262k:context-0/factconsolidation_mh_262k_no55,2,0,0.9688561697181364,3.437500008381903,1.0
agentmemorybench:fact-mh-262k:context-0/factconsolidation_mh_262k_no55,2,1,0.9706877693016416,3.500000001862645,0.8
agentmemorybench:fact-mh-262k:context-0/factconsolidation_mh_262k_no55,3,-2,0.8933093989533708,2.124999925494194,0.0
agentmemorybench:fact-mh-262k:context-0/factconsolidation_mh_262k_no55,3,-1,0.9149009515124916,2.3749999552965164,0.0
agentmemorybench:fact-mh-262k:context-0/factconsolidation_mh_262k_no55,3,0,0.952574125728508,2.999999975785613,1.0
agentmemorybench:fact-mh-262k:context-0/factconsolidation_mh_262k_no58,1,-2,0.0373268890174177,-3.2499999534338713,0.0
agentmemorybench:fact-mh-262k:context-0/factconsolidation_mh_262k_no58,1,-1,0.0169149117335357,-4.062500092200935,0.0
agentmemorybench:fact-mh-262k:context-0/factconsolidation_mh_262k_no58,1,0,0.6513548646660542,0.625,0.0
agentmemorybench:fact-mh-262k:context-0/factconsolidation_mh_262k_no59,1,-2,0.0043315011785943,-5.437500195228495,0.0
agentmemorybench:fact-mh-262k:context-0/factconsolidation_mh_262k_no59,1,-1,0.7310585786300049,1.0,0.0
agentmemorybench:fact-mh-262k:context-0/factconsolidation_mh_262k_no59,1,0,0.9998088956421716,8.562499780440703,1.0
agentmemorybench:fact-mh-262k:context-0/factconsolidation_mh_262k_no6,1,-2,0.0311438304785752,-3.437500001862645,0.0
agentmemorybench:fact-mh-262k:context-0/factconsolidation_mh_262k_no6,1,-1,0.9626731135259804,3.250000024214387,0.0
agentmemorybench:fact-mh-262k:context-0/factconsolidation_mh_262k_no6,1,0,0.9998088956763136,8.562499959130946,0.4
agentmemorybench:fact-mh-262k:context-0/factconsolidation_mh_262k_no6,2,-2,0.0311438304785752,-3.437500001862645,0.0
agentmemorybench:fact-mh-262k:context-0/factconsolidation_mh_262k_no6,2,-1,0.9433475787733796,2.812500076368451,0.0
agentmemorybench:fact-mh-262k:context-0/factconsolidation_mh_262k_no6,2,0,0.9998204720871458,8.625000314728823,0.8
agentmemorybench:fact-mh-262k:context-0/factconsolidation_mh_262k_no6,3,-2,0.0259573556907785,-3.6250000596046448,0.0
agentmemorybench:fact-mh-262k:context-0/factconsolidation_mh_262k_no6,3,-1,0.9740426452511078,3.625000096857548,0.0
agentmemorybench:fact-mh-262k:context-0/factconsolidation_mh_262k_no6,3,0,0.9997388097368264,8.250000214160536,0.6
agentmemorybench:fact-mh-262k:context-0/factconsolidation_mh_262k_no60,2,-2,0.7879311968878542,1.3125000074505806,0.0
agentmemorybench:fact-mh-262k:context-0/factconsolidation_mh_262k_no60,2,-1,0.9284087975841904,2.5624999552965164,0.0
agentmemorybench:fact-mh-262k:context-0/factconsolidation_mh_262k_no60,2,0,0.9964063980621916,5.625000179745257,1.0
agentmemorybench:fact-mh-262k:context-0/factconsolidation_mh_262k_no60,3,-2,0.718594386544335,0.9374999701976776,0.0
agentmemorybench:fact-mh-262k:context-0/factconsolidation_mh_262k_no60,3,-1,0.9808759609430664,3.93749987706542,0.0
agentmemorybench:fact-mh-262k:context-0/factconsolidation_mh_262k_no60,3,0,0.999831347208281,8.687499776249751,0.8
agentmemorybench:fact-mh-262k:context-0/factconsolidation_mh_262k_no61,1,-2,0.9284087970889808,2.562499947845936,0.0
agentmemorybench:fact-mh-262k:context-0/factconsolidation_mh_262k_no61,1,-1,0.9046505428129514,2.250000089406967,0.0
agentmemorybench:fact-mh-262k:context-0/factconsolidation_mh_262k_no61,1,0,0.999664649869231,7.999999999097781,1.0
agentmemorybench:fact-mh-262k:context-0/factconsolidation_mh_262k_no61,2,-2,0.8807970865827771,2.0000000819563866,0.0
agentmemorybench:fact-mh-262k:context-0/factconsolidation_mh_262k_no61,2,-1,0.8354835371034369,1.625,0.0
agentmemorybench:fact-mh-262k:context-0/factconsolidation_mh_262k_no61,2,0,0.9998313472283776,8.687499895429937,1.0
agentmemorybench:fact-mh-262k:context-0/factconsolidation_mh_262k_no61,3,-2,0.95791227058248,3.124999962747097,0.0
agentmemorybench:fact-mh-262k:context-0/factconsolidation_mh_262k_no61,3,-1,0.8872045907347107,2.0624999701976776,0.0
agentmemorybench:fact-mh-262k:context-0/factconsolidation_mh_262k_no61,3,0,0.9986749775250958,6.624999956402462,0.8
agentmemorybench:fact-mh-262k:context-0/factconsolidation_mh_262k_no62,1,-2,0.8267117919359419,1.5624999850988388,0.0
agentmemorybench:fact-mh-262k:context-0/factconsolidation_mh_262k_no62,1,-1,0.9648551523991342,3.312499964609742,0.0
agentmemorybench:fact-mh-262k:context-0/factconsolidation_mh_262k_no62,1,0,0.9997388097368662,8.250000214313332,1.0
agentmemorybench:fact-mh-262k:context-0/factconsolidation_mh_262k_no62,2,-2,0.904650527388829,2.249999910593033,0.0
agentmemorybench:fact-mh-262k:context-0/factconsolidation_mh_262k_no62,2,-1,0.9688561695495264,3.4375000027939677,0.0
agentmemorybench:fact-mh-262k:context-0/factconsolidation_mh_262k_no62,2,0,0.9979492560573238,6.1874998031998985,1.0
agentmemorybench:fact-mh-262k:context-0/factconsolidation_mh_262k_no62,3,-2,0.6370307979258678,0.5625000149011612,0.0
agentmemorybench:fact-mh-262k:context-0/factconsolidation_mh_262k_no62,3,-1,0.9046505383142494,2.250000037252903,0.0
agentmemorybench:fact-mh-262k:context-0/factconsolidation_mh_262k_no62,3,0,0.9994472213824034,7.500000034982804,1.0
agentmemorybench:fact-mh-262k:context-0/factconsolidation_mh_262k_no64,1,-2,0.9996200154914444,7.875000016312697,0.0
agentmemorybench:fact-mh-262k:context-0/factconsolidation_mh_262k_no64,1,-1,0.9465966694469008,2.874999985098839,0.0
agentmemorybench:fact-mh-262k:context-0/factconsolidation_mh_262k_no64,1,0,0.9950945949648284,5.31250013737008,0.0
agentmemorybench:fact-mh-262k:context-0/factconsolidation_mh_262k_no64,3,-2,0.9994472213162864,7.499999915307853,0.0
agentmemorybench:fact-mh-262k:context-0/factconsolidation_mh_262k_no64,3,-1,0.9433475743933906,2.812499994412065,0.0
agentmemorybench:fact-mh-262k:context-0/factconsolidation_mh_262k_no64,3,0,0.9875683465112896,4.3749997853301466,0.0
agentmemorybench:fact-mh-262k:context-0/factconsolidation_mh_262k_no64,3,1,0.970687770043612,3.5000000279396772,0.4
agentmemorybench:fact-mh-262k:context-0/factconsolidation_mh_262k_no64,3,2,0.9924227594429826,4.875000094529241,0.0
agentmemorybench:fact-mh-262k:context-0/factconsolidation_mh_262k_no65,1,-2,0.6926419926516189,0.8125000447034836,0.0
agentmemorybench:fact-mh-262k:context-0/factconsolidation_mh_262k_no65,1,-1,0.8991213786215104,2.187500014901161,0.0
agentmemorybench:fact-mh-262k:context-0/factconsolidation_mh_262k_no65,1,0,0.9984988174752336,6.499999821186066,0.0
agentmemorybench:fact-mh-262k:context-0/factconsolidation_mh_262k_no65,3,-2,0.978384667394918,3.8125000074505806,0.0
agentmemorybench:fact-mh-262k:context-0/factconsolidation_mh_262k_no65,3,-1,0.8991213694984329,2.187499914318323,0.0
agentmemorybench:fact-mh-262k:context-0/factconsolidation_mh_262k_no65,3,0,0.99509459521941,5.312500189524144,0.0
agentmemorybench:fact-mh-262k:context-0/factconsolidation_mh_262k_no66,2,-2,0.9820137861886836,3.9999997820705175,0.0
agentmemorybench:fact-mh-262k:context-0/factconsolidation_mh_262k_no66,2,-1,0.9808759629870604,3.9374999860301614,0.0
agentmemorybench:fact-mh-262k:context-0/factconsolidation_mh_262k_no66,2,0,0.9997965730021388,8.499999902618583,0.4
agentmemorybench:fact-mh-262k:context-0/factconsolidation_mh_262k_no66,3,-2,0.9994806951139338,7.56249995843973,0.0
agentmemorybench:fact-mh-262k:context-0/factconsolidation_mh_262k_no66,3,-1,0.9241418202399132,2.5000000037252903,0.0
agentmemorybench:fact-mh-262k:context-0/factconsolidation_mh_262k_no66,3,0,0.9985896416606156,6.562500111642294,0.2
agentmemorybench:fact-mh-262k:context-0/factconsolidation_mh_262k_no67,1,-2,0.665410558746814,0.6875,0.0
agentmemorybench:fact-mh-262k:context-0/factconsolidation_mh_262k_no67,1,-1,0.928408805259938,2.5625000707805157,0.0
agentmemorybench:fact-mh-262k:context-0/factconsolidation_mh_262k_no67,1,0,0.9994115911795092,7.437499996711267,1.0
agentmemorybench:fact-mh-262k:context-0/factconsolidation_mh_262k_no67,2,-2,0.5774953651858118,0.3125,0.0
agentmemorybench:fact-mh-262k:context-0/factconsolidation_mh_262k_no67,2,-1,0.9433475760856592,2.812500026077032,0.0
agentmemorybench:fact-mh-262k:context-0/factconsolidation_mh_262k_no67,2,0,0.9997388096276458,8.249999796040356,1.0
agentmemorybench:fact-mh-262k:context-0/factconsolidation_mh_262k_no68,1,-2,0.6370307979258678,0.5625000149011612,0.0
agentmemorybench:fact-mh-262k:context-0/factconsolidation_mh_262k_no68,1,-1,0.8354835360793486,1.6249999925494194,0.0
agentmemorybench:fact-mh-262k:context-0/factconsolidation_mh_262k_no68,1,0,0.9990302479753176,6.93749994126847,1.0
agentmemorybench:fact-mh-262k:context-0/factconsolidation_mh_262k_no68,1,1,0.9740426428728448,3.625000002793968,1.0
agentmemorybench:fact-mh-262k:context-0/factconsolidation_mh_262k_no68,1,2,0.9950945939067224,5.3124999206047505,1.0
agentmemorybench:fact-mh-262k:context-0/factconsolidation_mh_262k_no68,2,-2,0.6791786959285045,0.7499999850988388,0.0
agentmemorybench:fact-mh-262k:context-0/factconsolidation_mh_262k_no68,2,-1,0.960361161395375,3.187500013038516,0.0
agentmemorybench:fact-mh-262k:context-0/factconsolidation_mh_262k_no68,2,0,0.9988304898408804,6.750000090687536,1.0
agentmemorybench:fact-mh-262k:context-0/factconsolidation_mh_262k_no68,3,-2,0.9981897892737632,6.312500166008249,0.0
agentmemorybench:fact-mh-262k:context-0/factconsolidation_mh_262k_no68,3,-1,0.3486451387178759,-0.6249999850988388,0.0
agentmemorybench:fact-mh-262k:context-0/factconsolidation_mh_262k_no68,3,0,0.99287857162797,4.937500052852556,1.0
agentmemorybench:fact-mh-262k:context-0/factconsolidation_mh_262k_no68,3,1,0.7981867789397953,1.3750000074505806,1.0
agentmemorybench:fact-mh-262k:context-0/factconsolidation_mh_262k_no68,3,2,0.955319130283892,3.062500013038516,1.0
agentmemorybench:fact-mh-262k:context-0/factconsolidation_mh_262k_no69,1,-2,0.8872045952083047,2.062500014901161,0.0
agentmemorybench:fact-mh-262k:context-0/factconsolidation_mh_262k_no69,1,-1,0.8438951045175643,1.6875000149011612,0.0
agentmemorybench:fact-mh-262k:context-0/factconsolidation_mh_262k_no69,1,0,0.9928785710501264,4.937499971129,1.0
agentmemorybench:fact-mh-262k:context-0/factconsolidation_mh_262k_no69,1,1,0.999851161510416,8.812499952888174,1.0
agentmemorybench:fact-mh-262k:context-0/factconsolidation_mh_262k_no69,2,-2,0.8872045922259088,2.062499985098839,0.0
agentmemorybench:fact-mh-262k:context-0/factconsolidation_mh_262k_no69,2,-1,0.9688561717414532,3.4375000754371285,0.0
agentmemorybench:fact-mh-262k:context-0/factconsolidation_mh_262k_no69,2,0,0.9890130559222516,4.499999866820872,0.8
agentmemorybench:fact-mh-262k:context-0/factconsolidation_mh_262k_no69,2,1,0.9970189672255106,5.8124999849824235,1.0
agentmemorybench:fact-mh-262k:context-0/factconsolidation_mh_262k_no69,2,2,0.9950945939715046,5.312499933876097,1.0
agentmemorybench:fact-mh-262k:context-0/factconsolidation_mh_262k_no69,3,-2,0.6654105487940596,0.6874999552965164,0.0
agentmemorybench:fact-mh-262k:context-0/factconsolidation_mh_262k_no69,3,-1,0.9196425336554884,2.4375000335276127,0.0
agentmemorybench:fact-mh-262k:context-0/factconsolidation_mh_262k_no69,3,0,0.9968273175279008,5.750000117113814,1.0
agentmemorybench:fact-mh-262k:context-0/factconsolidation_mh_262k_no70,1,-2,0.7981867825403176,1.3750000298023224,0.0
agentmemorybench:fact-mh-262k:context-0/factconsolidation_mh_262k_no70,1,-1,0.8175744806385543,1.5000000298023224,0.0
agentmemorybench:fact-mh-262k:context-0/factconsolidation_mh_262k_no70,1,0,0.9985896414971516,6.562499995576218,1.0
agentmemorybench:fact-mh-262k:context-0/factconsolidation_mh_262k_no70,2,-2,0.5312093733737563,0.125,0.0
agentmemorybench:fact-mh-262k:context-0/factconsolidation_mh_262k_no70,2,-1,0.7772998714925403,1.2500000596046448,0.0
agentmemorybench:fact-mh-262k:context-0/factconsolidation_mh_262k_no70,2,0,0.9992903296545416,7.250000075640855,1.0
agentmemorybench:fact-mh-262k:context-0/factconsolidation_mh_262k_no70,3,-2,0.9362850045257496,2.6874999795109034,0.0
agentmemorybench:fact-mh-262k:context-0/factconsolidation_mh_262k_no70,3,-1,0.9626731144630216,3.250000050291419,0.0
agentmemorybench:fact-mh-262k:context-0/factconsolidation_mh_262k_no70,3,0,0.999480695113541,7.5624999576830305,1.0
agentmemorybench:fact-mh-262k:context-0/factconsolidation_mh_262k_no73,1,-2,0.8670357615200474,1.8750000149011612,0.0
agentmemorybench:fact-mh-262k:context-0/factconsolidation_mh_262k_no73,1,-1,0.5621765008857981,0.25,0.0
agentmemorybench:fact-mh-262k:context-0/factconsolidation_mh_262k_no73,1,0,0.9997834559423864,8.437499964347808,1.0
agentmemorybench:fact-mh-262k:context-0/factconsolidation_mh_262k_no73,2,-2,0.8267117951380392,1.5625000074505806,0.0
agentmemorybench:fact-mh-262k:context-0/factconsolidation_mh_262k_no73,2,-1,0.980875963755742,3.937500027008354,0.0
agentmemorybench:fact-mh-262k:context-0/factconsolidation_mh_262k_no73,2,0,0.9989012688131697,6.812499896215741,1.0
agentmemorybench:fact-mh-262k:context-0/factconsolidation_mh_262k_no73,3,-2,0.9896718489609764,4.56250014482066,0.0
agentmemorybench:fact-mh-262k:context-0/factconsolidation_mh_262k_no73,3,-1,0.9669140214623247,3.374999995343387,0.0
agentmemorybench:fact-mh-262k:context-0/factconsolidation_mh_262k_no73,3,0,0.9981897889550756,6.312499989639036,1.0
agentmemorybench:fact-mh-262k:context-0/factconsolidation_mh_262k_no74,1,-2,0.8740772310645814,1.937499962747097,0.0
agentmemorybench:fact-mh-262k:context-0/factconsolidation_mh_262k_no74,1,-1,0.9241418246795768,2.500000067055226,0.0
agentmemorybench:fact-mh-262k:context-0/factconsolidation_mh_262k_no74,1,0,0.9968273173401306,5.750000057742,1.0
agentmemorybench:fact-mh-262k:context-0/factconsolidation_mh_262k_no74,1,1,0.9890130554516734,4.499999823514372,1.0
agentmemorybench:fact-mh-262k:context-0/factconsolidation_mh_262k_no74,1,2,0.9883127420419564,4.437500003259629,1.0
agentmemorybench:fact-mh-262k:context-0/factconsolidation_mh_262k_no78,1,-2,0.97241471729855,3.562499982304871,0.0
agentmemorybench:fact-mh-262k:context-0/factconsolidation_mh_262k_no78,1,-1,0.9362850030812306,2.6874999552965164,0.0
agentmemorybench:fact-mh-262k:context-0/factconsolidation_mh_262k_no78,1,0,0.9947798743463406,5.250000007683411,1.0
agentmemorybench:fact-mh-262k:context-0/factconsolidation_mh_262k_no83,1,-2,0.9994806951449764,7.562500018248102,0.0
agentmemorybench:fact-mh-262k:context-0/factconsolidation_mh_262k_no83,1,-1,0.9755769077046772,3.68749990593642,0.0
agentmemorybench:fact-mh-262k:context-0/factconsolidation_mh_262k_no83,1,0,0.9995416871243168,7.687500054467819,1.0
agentmemorybench:fact-mh-262k:context-0/factconsolidation_mh_262k_no86,1,-2,0.0169149127556629,-4.062500030733645,0.0
agentmemorybench:fact-mh-262k:context-0/factconsolidation_mh_262k_no86,1,-1,0.9196425248459044,2.437499914318323,0.0
agentmemorybench:fact-mh-262k:context-0/factconsolidation_mh_262k_no86,1,0,0.999480695175702,7.562500077445293,1.0
agentmemorybench:fact-mh-262k:context-0/factconsolidation_mh_262k_no86,2,-2,0.0159063916535013,-4.12500000372529,0.0
agentmemorybench:fact-mh-262k:context-0/factconsolidation_mh_262k_no86,2,-1,0.9433475729997576,2.8124999683350325,0.0
agentmemorybench:fact-mh-262k:context-0/factconsolidation_mh_262k_no86,2,0,0.9998840806438176,9.062499887873855,1.0
agentmemorybench:fact-mh-262k:context-0/factconsolidation_mh_262k_no86,3,-2,0.0159063910557892,-4.125000041909516,0.0
agentmemorybench:fact-mh-262k:context-0/factconsolidation_mh_262k_no86,3,-1,0.9553191321920376,3.0625000577419996,0.0
agentmemorybench:fact-mh-262k:context-0/factconsolidation_mh_262k_no86,3,0,0.9998840806299764,9.0624997684572,1.0
agentmemorybench:fact-mh-262k:context-0/factconsolidation_mh_262k_no87,1,-2,0.7057850402140659,0.8750000596046448,0.0
agentmemorybench:fact-mh-262k:context-0/factconsolidation_mh_262k_no87,1,-1,0.9840936070198693,4.124999918974936,0.0
agentmemorybench:fact-mh-262k:context-0/factconsolidation_mh_262k_no87,1,0,0.9964063971009424,5.624999911291525,1.0
agentmemorybench:fact-mh-262k:context-0/factconsolidation_mh_262k_no87,2,-2,0.4532618480153861,-0.1875,0.0
agentmemorybench:fact-mh-262k:context-0/factconsolidation_mh_262k_no87,2,-1,0.7549149868676283,1.125,0.0
agentmemorybench:fact-mh-262k:context-0/factconsolidation_mh_262k_no87,2,0,0.9999599363030296,10.124999881649272,1.0
agentmemorybench:fact-mh-262k:context-0/factconsolidation_mh_262k_no87,3,-2,0.705785030931275,0.8750000149011612,0.0
agentmemorybench:fact-mh-262k:context-0/factconsolidation_mh_262k_no87,3,-1,0.9553191277396984,3.0624999534338713,0.0
agentmemorybench:fact-mh-262k:context-0/factconsolidation_mh_262k_no87,3,0,0.9999516743618758,9.937500001306034,1.0
agentmemorybench:fact-mh-262k:context-0/factconsolidation_mh_262k_no89,1,-2,0.8519528066669902,1.750000037252903,0.0
agentmemorybench:fact-mh-262k:context-0/factconsolidation_mh_262k_no89,1,-1,0.3629692089651014,-0.5624999850988388,0.0
agentmemorybench:fact-mh-262k:context-0/factconsolidation_mh_262k_no89,1,0,0.999884080650757,9.062499947744072,1.0
agentmemorybench:fact-mh-262k:context-0/factconsolidation_mh_262k_no89,2,-2,0.9770226292536686,3.749999962747097,0.0
agentmemorybench:fact-mh-262k:context-0/factconsolidation_mh_262k_no89,2,-1,0.9688561699710508,3.4375000167638063,0.0
agentmemorybench:fact-mh-262k:context-0/factconsolidation_mh_262k_no89,2,0,0.9971990727262554,5.8749998902203515,1.0
agentmemorybench:fact-mh-262k:context-0/factconsolidation_mh_262k_no89,3,-2,0.5,0.0,0.0
agentmemorybench:fact-mh-262k:context-0/factconsolidation_mh_262k_no89,3,-1,0.7185943895575957,0.9374999850988388,0.0
agentmemorybench:fact-mh-262k:context-0/factconsolidation_mh_262k_no89,3,0,0.9950945934532484,5.312499827705324,1.0
agentmemorybench:fact-mh-262k:context-0/factconsolidation_mh_262k_no89,3,1,0.8740772384450968,1.9375000298023224,1.0
agentmemorybench:fact-mh-262k:context-0/factconsolidation_mh_262k_no90,1,-2,0.6370307979258678,0.5625000149011612,0.0
agentmemorybench:fact-mh-262k:context-0/factconsolidation_mh_262k_no90,1,-1,0.9985896417524308,6.562500176834874,0.2
agentmemorybench:fact-mh-262k:context-0/factconsolidation_mh_262k_no90,1,0,0.9399133489844308,2.749999985098839,1.0
agentmemorybench:fact-mh-262k:context-0/factconsolidation_mh_262k_no90,1,1,0.999195914085556,7.12500002636807,1.0
agentmemorybench:fact-mh-262k:context-0/factconsolidation_mh_262k_no90,1,2,0.9992903295685986,7.249999954452505,0.8
agentmemorybench:fact-mh-262k:context-0/factconsolidation_mh_262k_no90,2,-2,0.867035760661109,1.8750000074505808,0.0
agentmemorybench:fact-mh-262k:context-0/factconsolidation_mh_262k_no90,2,-1,0.7431680000799575,1.0624999552965164,0.0
agentmemorybench:fact-mh-262k:context-0/factconsolidation_mh_262k_no90,2,0,0.9997388096120856,8.249999736450263,1.0
agentmemorybench:fact-mh-262k:context-0/factconsolidation_mh_262k_no90,3,-2,0.8991213728773506,2.187499951571226,0.0
agentmemorybench:fact-mh-262k:context-0/factconsolidation_mh_262k_no90,3,-1,0.6926419831347361,0.8125,0.0
agentmemorybench:fact-mh-262k:context-0/factconsolidation_mh_262k_no90,3,0,0.9996849613219544,8.062500050917151,1.0
agentmemorybench:fact-mh-262k:context-0/factconsolidation_mh_262k_no92,1,-2,0.4843800842769844,-0.0625,0.0
agentmemorybench:fact-mh-262k:context-0/factconsolidation_mh_262k_no92,1,-1,0.9553191267061196,3.0624999292194843,0.0
agentmemorybench:fact-mh-262k:context-0/factconsolidation_mh_262k_no92,1,0,0.9973683264917068,5.937500177766196,1.0
agentmemorybench:fact-mh-262k:context-0/factconsolidation_mh_262k_no94,1,-2,0.936285008748189,2.687500050291419,0.0
agentmemorybench:fact-mh-262k:context-0/factconsolidation_mh_262k_no94,1,-1,0.9496693697172954,2.937500048428774,0.0
agentmemorybench:fact-mh-262k:context-0/factconsolidation_mh_262k_no94,1,0,0.9993736657413675,7.374999839405064,1.0
agentmemorybench:fact-mh-262k:context-0/factconsolidation_mh_262k_no94,2,-2,0.9626731134590488,3.250000022351742,0.0
agentmemorybench:fact-mh-262k:context-0/factconsolidation_mh_262k_no94,2,-1,0.7772998637541535,1.2500000149011612,0.0
agentmemorybench:fact-mh-262k:context-0/factconsolidation_mh_262k_no94,2,0,0.9992903294903338,7.24999984409078,1.0
agentmemorybench:fact-mh-262k:context-0/factconsolidation_mh_262k_no94,3,-2,0.8596637487122111,1.8124999850988388,0.0
agentmemorybench:fact-mh-262k:context-0/factconsolidation_mh_262k_no94,3,-1,0.952574126738285,2.999999998137355,0.0
agentmemorybench:fact-mh-262k:context-0/factconsolidation_mh_262k_no94,3,0,0.9975273764347656,5.999999834340997,1.0
agentmemorybench:fact-mh-262k:context-0/factconsolidation_mh_262k_no95,2,-2,0.904650527388829,2.249999910593033,0.0
agentmemorybench:fact-mh-262k:context-0/factconsolidation_mh_262k_no95,2,-1,0.9099070023734244,2.3124999552965164,0.0
agentmemorybench:fact-mh-262k:context-0/factconsolidation_mh_262k_no95,2,0,0.8807970779778823,2.0,1.0
agentmemorybench:fact-mh-262k:context-0/factconsolidation_mh_262k_no95,2,1,0.6370307910348985,0.5624999850988388,1.0
agentmemorybench:fact-mh-262k:context-0/factconsolidation_mh_262k_no95,2,2,0.6513548680499843,0.6250000149011612,1.0
agentmemorybench:fact-mh-262k:context-0/factconsolidation_mh_262k_no97,2,-2,0.9971990729558168,5.874999972409569,0.0
agentmemorybench:fact-mh-262k:context-0/factconsolidation_mh_262k_no97,2,-1,0.924141819456443,2.4999999925494194,0.0
agentmemorybench:fact-mh-262k:context-0/factconsolidation_mh_262k_no97,2,0,0.99966464982917,7.999999879597453,0.8
agentmemorybench:fact-mh-262k:context-0/factconsolidation_mh_262k_no97,3,-2,0.9867771784056693,4.3125000121071935,0.0
agentmemorybench:fact-mh-262k:context-0/factconsolidation_mh_262k_no97,3,-1,0.9465966662454832,2.8749999217689037,0.0
agentmemorybench:fact-mh-262k:context-0/factconsolidation_mh_262k_no97,3,0,0.9998911030583384,9.124999709463737,1.0
