sample,r,likelihood,mean,low,high
all,0.0,3.763645160758789e-05,0.00036888342523299267,5.913325674720124e-06,0.0023021263303674624
all,0.0,0.012695201319536954,0.00037353058655468987,6.3411144822629495e-06,0.0022754371564326263
all,0.0,0.02535276618746632,0.0003782362702588723,6.726729169784542e-06,0.0022621058095855383
all,0.0,0.03801033105539568,0.0003830012127648234,7.037665321254719e-06,0.002258434938021017
all,0.0,0.050667895923325046,0.00038782615974435373,7.3630173274045865e-06,0.0022702174360584326
all,0.0,0.06332546079125442,0.00039271186623769254,7.703456265907372e-06,0.0022259781557127925
all,0.0,0.07598302565918379,0.0003976590967708189,8.05968462471717e-06,0.0021827324804761013
all,0.0,0.08864059052711315,0.0004026686254742544,8.432437782911176e-06,0.0021625437382223503
all,0.0,0.10129815539504251,0.0004077412362033325,8.822485562007155e-06,0.0021259656046611576
all,0.0,0.11395572026297188,0.00041287772265996515,9.230633851151124e-06,0.0021077273052069047
all,0.0,0.12661328513090125,0.0004180788885159247,9.657726309735426e-06,0.0020799747891867455
all,0.0,0.1392708499988306,0.00042334554753765594,1.0042286975836816e-05,0.0020588724377097875
all,0.0,0.15192841486675998,0.00042867852371264323,1.0572318011809059e-05,0.002052721058436712
all,0.0,0.16458597973468933,0.0004340786513773469,1.106170990888915e-05,0.0020330972828020042
all,0.0,0.1772435446026187,0.00043954677534673015,1.1648514979983873e-05,0.0020139704127077537
all,0.0,0.18990110947054806,0.0004450837510453959,1.2465250014991029e-05,0.002008215394387055
all,0.0,0.20255867433847743,0.00045069044464035357,1.3299284481977084e-05,0.001992949348337951
all,0.0,0.2152162392064068,0.00045636773317543275,1.429827649019025e-05,0.0019618058899325413
all,0.0,0.22787380407433616,0.00046211650470736937,1.530773015346275e-05,0.0019608727751210145
all,0.0,0.24053136894226554,0.0004679376584435801,1.649266102615211e-05,0.001967983820776063
all,0.0,0.2531889338101949,0.0004738321048816481,1.804923033912704e-05,0.0019531215276791586
all,0.0,0.26584649867812427,0.0004798007659505389,1.945601763451366e-05,0.001936704249344273
all,0.0,0.2785040635460536,0.00048584457515357253,2.0790131523091367e-05,0.0019174104794359033
all,0.0,0.29116162841398296,0.0004919644777131637,2.1548951582585032e-05,0.0018982269092718222
all,0.0,0.30381919328191237,0.0004981614307173638,2.3061191201552002e-05,0.0018977583923368375
all,0.0,0.3164767581498417,0.0005044364032682167,2.4537937084517858e-05,0.0018886330266336244
all,0.0,0.32913432301777107,0.0005107903766319559,2.5388321059722094e-05,0.0018739143572214531
all,0.0,0.3417918878857005,0.0005172243443910633,2.6825401678535246e-05,0.0018762583303797396
all,0.0,0.3544494527536298,0.0005237393125982148,2.7874182822277863e-05,0.001865706688252532
all,0.0,0.3671070176215592,0.0005303362999321294,3.0407865429857987e-05,0.0018838972803850544
all,0.0,0.3797645824894885,0.0005370163378553541,3.285140230359526e-05,0.0018775189460762348
all,0.0,0.3924221473574179,0.0005437804707740011,3.4085536021047796e-05,0.0018665485215940809
all,0.0,0.4050797122253473,0.0005506297561994637,3.621889418658449e-05,0.0018824887657885492
all,0.0,0.4177372770932766,0.0005575652649121346,3.7927311411573325e-05,0.0018952404515052564
all,0.0,0.43039484196120603,0.0005645880811271528,4.034457206027089e-05,0.001880062128075732
all,0.0,0.4430524068291354,0.0005716993026621977,4.306046088787142e-05,0.0018889671850945465
all,0.0,0.45570997169706473,0.0005789000411073637,4.500757963525329e-05,0.0018775678042508698
all,0.0,0.4683675365649941,0.0005861914219971348,4.492861931481602e-05,0.0018904867364368503
all,0.0,0.4810251014329235,0.0005935745849844858,4.61095702945948e-05,0.0018983067429441758
all,0.0,0.49368266630085283,0.0006010506840171364,4.8637179288401984e-05,0.0019012570766099028
all,0.0,0.5063402311687822,0.0006086208875159864,5.176489674103472e-05,0.0018742394691250185
all,0.0,0.5189977960367116,0.0006162863785557513,5.5076666908959303e-05,0.0018975561192697478
all,0.0,0.5316553609046409,0.0006240483550478347,5.786634464811959e-05,0.001921124822438667
all,0.0,0.5443129257725703,0.0006319080299254577,6.234612988129527e-05,0.001934859417870075
all,0.0,0.5569704906404996,0.0006398666313310746,6.452418713865686e-05,0.0019765871573782894
all,0.0,0.569628055508429,0.0006479254028061022,6.866676512433086e-05,0.0020016561875777577
all,0.0,0.5822856203763583,0.0006560856034829933,7.267521772810417e-05,0.0020187976328696665
all,0.0,0.5949431852442878,0.0006643485082796759,7.537214612979598e-05,0.0020500314691776597
all,0.0,0.6076007501122171,0.0006727154080963952,7.792648180419964e-05,0.0020706545789749894
all,0.0,0.6202583149801465,0.0006811876100149817,7.878368964684878e-05,0.0020872390976576214
all,0.0,0.6329158798480758,0.0006897664375005766,8.069487773237322e-05,0.0020787944850408067
all,0.0,0.6455734447160052,0.0006984532306058428,8.42833816868034e-05,0.0021158687765216603
all,0.0,0.6582310095839345,0.0007072493461776952,8.676153097467158e-05,0.0021466902428151622
all,0.0,0.6708885744518639,0.000716156158066572,9.113747849441642e-05,0.002195800700536745
all,0.0,0.6835461393197934,0.0007251750573382897,9.627017619886354e-05,0.002229739877104777
all,0.0,0.6962037041877227,0.000734307452488503,9.835069150302615e-05,0.0022657144065212644
all,0.0,0.708861269055652,0.0007435547696598048,0.00010103178334322427,0.002285299662335765
all,0.0,0.7215188339235814,0.0007529184528614968,0.00010304145184096448,0.0022856950352193334
all,0.0,0.7341763987915108,0.000762399964192068,0.00010546147336995027,0.0023030746686501613
all,0.0,0.7468339636594401,0.0007720007840643997,0.00011068250696937887,0.002372114135922445
all,0.0,0.7594915285273695,0.0007817224114337488,0.0001108421098604219,0.0023963867524534528
all,0.0,0.7721490933952989,0.0007915663640285271,0.000110576040144909,0.002431443416697305
all,0.0,0.7848066582632283,0.0008015341785839164,0.00011114226391656086,0.0024674256610343567
all,0.0,0.7974642231311576,0.0008116274110783545,0.00011107641104206801,0.002532905651127488
all,0.0,0.810121787999087,0.0008218476369729241,0.0001118254166162482,0.0025931949930242987
all,0.0,0.8227793528670163,0.0008321964514536758,0.00011431584753761726,0.0027015799102071314
all,0.0,0.8354369177349457,0.0008426754696769299,0.00011731326122928565,0.00280389170639185
all,0.0,0.848094482602875,0.0008532863270175824,0.00011804852411651952,0.0029080885697263894
all,0.0,0.8607520474708045,0.0008640306793204569,0.00012039555115441188,0.002978760364278957
all,0.0,0.8734096123387338,0.000874910203154737,0.00011971724744898904,0.00305566980440252
all,0.0,0.8860671772066632,0.0008859265960715141,0.00012082482128901097,0.0032549702585846813
all,0.0,0.8987247420745925,0.0008970815768644932,0.00012077567349800172,0.003346468650414948
all,0.0,0.9113823069425219,0.0009083768858338846,0.00012183756539062565,0.00344053346612289
all,0.0,0.9240398718104512,0.0009198142850535283,0.00012237661434338183,0.00358521822131524
all,0.0,0.9366974366783806,0.0009313955586412874,0.00011959069298168367,0.003720097038619977
all,0.0,0.94935500154631,0.0009431225130327447,0.0001190801546736859,0.003822567024487961
all,0.0,0.9620125664142394,0.0009549969772582452,0.00011723764804289729,0.003960137569814585
all,0.0,0.9746701312821687,0.000967020803223329,0.000117189971513715,0.004156653264415328
all,0.0,0.9873276961500981,0.0009791958659925782,0.00011662443225511336,0.004354557581772836
all,0.0,0.9999852610180274,0.0009915240640769396,0.00011718340032708303,0.00457145532407118
all,0.5,0.013222823155847,0.022350235288859467,0.003383689278106091,0.04897858772098459
all,0.5,0.025711903595339897,0.02258917800781024,0.0035057422966697427,0.049041078697929404
all,0.5,0.03820098403483279,0.022830615570349995,0.003632504952309129,0.04896925600578497
all,0.5,0.05069006447432568,0.023074572744060835,0.0037565040605840464,0.04901128007830982
all,0.5,0.06317914491381858,0.02332107451487345,0.0038985771106074037,0.04877522800923742
all,0.5,0.07566822535331147,0.023570146088391336,0.004040241402594623,0.04892655799157481
all,0.5,0.08815730579280437,0.023821812891208768,0.004185120426723521,0.04899844259527577
all,0.5,0.10064638623229726,0.024076100572222533,0.004334071130886978,0.04894650597469269
all,0.5,0.11313546667179016,0.024333035003936514,0.004489239642697415,0.04920497983632271
all,0.5,0.12562454711128307,0.024592642283759028,0.0046517652732940605,0.04923023192039311
all,0.5,0.13811362755077594,0.024854948735292388,0.004820150678749769,0.04944135048520358
all,0.5,0.15060270799026884,0.025119980909614044,0.004994605207034869,0.0495076696944375
all,0.5,0.16309178842976174,0.02538776558654905,0.005175920404377668,0.049500890879929066
all,0.5,0.17558086886925464,0.02565832977593318,0.005363099664480243,0.049523212702698535
all,0.5,0.1880699493087475,0.02593170071886635,0.005556588459421756,0.049858169599104746
all,0.5,0.2005590297482404,0.02620790588895573,0.005743023321285378,0.04992691375565336
all,0.5,0.21304811018773331,0.026486972993547943,0.005933018051307593,0.04996668252222881
all,0.5,0.22553719062722621,0.026768929974950118,0.006129260038305088,0.0499673562675085
all,0.5,0.23802627106671911,0.027053805011638808,0.006331956355607406,0.050116147991144055
all,0.5,0.250515351506212,0.027341626519456704,0.006542157784938565,0.05018165151873857
all,0.5,0.2630044319457049,0.027632423152796032,0.006757530047641817,0.050159298449250427
all,0.5,0.2754935123851978,0.02792622380576861,0.006980042835930016,0.05010469985802226
all,0.5,0.2879825928246907,0.028223057613361472,0.007218409988156708,0.05021144151267458
all,0.5,0.30047167326418356,0.02852295395257785,0.007452106377400665,0.05043900226448207
all,0.5,0.3129607537036765,0.028825942443562565,0.007698444777798557,0.050472294623061555
all,0.5,0.32544983414316936,0.029132052950711394,0.007952803779544661,0.050528161556689224
all,0.5,0.3379389145826623,0.029441315583763776,0.00818700024979907,0.05063139450689707
all,0.5,0.35042799502215516,0.02975376069887804,0.008451443032982023,0.05087486205006146
all,0.5,0.36291707546164803,0.030069418899688602,0.008725141001221355,0.05098798899396716
all,0.5,0.37540615590114096,0.030388321038344414,0.009008207764761508,0.0511415181361997
all,0.5,0.38789523634063383,0.030710498216527996,0.009355321967609595,0.05139993441903566
all,0.5,0.40038431678012676,0.03103598178645434,0.009663935306400081,0.051619113314026396
all,0.5,0.41287339721961963,0.03136480335184871,0.009917789574984688,0.0518585180356759
all,0.5,0.4253624776591125,0.031696994768903135,0.010232625629019932,0.052100925629200136
all,0.5,0.43785155809860543,0.032032588147210245,0.010561679157785294,0.05234254924230522
all,0.5,0.4503406385380983,0.03237161585067418,0.010918378398548092,0.052803892287099516
all,0.5,0.46282971897759123,0.03271411049839727,0.011300960570558535,0.05308781280006519
all,0.5,0.4753187994170841,0.03306010496554229,0.011597455047959898,0.05377011578435846
all,0.5,0.487807879856577,0.0334096323841689,0.011767298365094447,0.05420201903696235
all,0.5,0.50029696029607,0.03376272614404397,0.01200507326283724,0.05464050189927253
all,0.5,0.5127860407355628,0.034119419893424346,0.012341196611775355,0.05526963823681764
all,0.5,0.5252751211750557,0.03447974753981185,0.012572194028542568,0.05562222299881715
all,0.5,0.5377642016145486,0.03484374325067915,0.013012458941893755,0.055948371013165264
all,0.5,0.5502532820540414,0.03521144145416581,0.013156297727112297,0.05617376607481496
all,0.5,0.5627423624935344,0.03558287683974369,0.01345297218074281,0.056667509347613984
all,0.5,0.5752314429330273,0.03595808435885045,0.013522550678916808,0.0572850465152729
all,0.5,0.5877205233725201,0.036337099225490735,0.013784744431404716,0.05775411566180807
all,0.5,0.600209603812013,0.0367199569168037,0.014021777073114578,0.0584448698031434
all,0.5,0.612698684251506,0.037106693173595794,0.01439314875313951,0.05898741319217825
all,0.5,0.6251877646909988,0.03749734400083848,0.014908175244145753,0.0595571826208861
all,0.5,0.6376768451304917,0.037891945668128986,0.015089486572016702,0.06052810334806184
all,0.5,0.6501659255699846,0.03829053471011403,0.015325148809081318,0.06123354796152481
all,0.5,0.6626550060094776,0.03869314792687445,0.015318528799113478,0.06180432465637408
all,0.5,0.6751440864489704,0.03909982238427077,0.015523369013264718,0.06247420724057038
all,0.5,0.6876331668884633,0.039510595414247736,0.015919213370544975,0.06330770511895285
all,0.5,0.7001222473279562,0.03992550461509733,0.01609315429685237,0.06411816335229961
all,0.5,0.7126113277674491,0.04034458785167881,0.01636536799128864,0.06492674508261205
all,0.5,0.725100408206942,0.04076788325559497,0.01656021140679464,0.06588480716157692
all,0.5,0.7375894886464349,0.04119542922532315,0.01665680995250857,0.06675093058324008
all,0.5,0.7500785690859277,0.041627264426300124,0.016826626082878944,0.0674630100722383
all,0.5,0.7625676495254207,0.042063427790959756,0.017034560735991498,0.06857516819660132
all,0.5,0.7750567299649136,0.04250395851872167,0.017228541099435557,0.06948792904426251
all,0.5,0.7875458104044065,0.042948896075930734,0.017367348210365285,0.07066534140222716
all,0.5,0.8000348908438993,0.043398280195745036,0.01766307368433583,0.07190519052930552
all,0.5,0.8125239712833923,0.043852150877972174,0.01776017376650093,0.07306005049967158
all,0.5,0.8250130517228852,0.044310548388851685,0.017988101034718842,0.07451291137757941
all,0.5,0.837502132162378,0.04477351326078298,0.017984359953065087,0.07573982842446879
all,0.5,0.8499912126018709,0.045241086291997364,0.018132168400273544,0.07709942302913773
all,0.5,0.8624802930413639,0.045713308546172615,0.018372757657995648,0.07826762566758287
all,0.5,0.8749693734808568,0.04619022135198915,0.01862420143879953,0.07944476754202885
all,0.5,0.8874584539203496,0.046671866302626076,0.018917658019920416,0.08163387267548203
all,0.5,0.8999475343598425,0.04715828525519627,0.019137417305167,0.08378370083992158
all,0.5,0.9124366147993355,0.04764952033011867,0.019128380732424698,0.08555681107052146
all,0.5,0.9249256952388283,0.04814561391042649,0.01929020638609902,0.08711449228164792
all,0.5,0.9374147756783212,0.048646608641010364,0.019435491501399643,0.08894422764363652
all,0.5,0.9499038561178141,0.04915254742779436,0.019310784485252527,0.09053838625708412
all,0.5,0.962392936557307,0.04966347343684417,0.019178940174496804,0.09281325529047113
all,0.5,0.9748820169967999,0.05017943009340518,0.01905197887798273,0.09500779135086837
all,0.5,0.9873710974362928,0.050700461080869966,0.019197630675292184,0.0974488977495872
all,0.5,0.9998601778757856,0.051226610339672726,0.019126752553244045,0.09969044261292036
all,1.0,0.0097084754786326,0.5823287858117003,0.15058187921482924,0.8643860007482618
all,1.0,0.022243363684590216,0.5846216343429246,0.1553581958080225,0.863647567054144
all,1.0,0.03477825189054783,0.5869108248215568,0.16029598237908005,0.8628425406974973
all,1.0,0.047313140096505446,0.5891962643646453,0.16536306226750339,0.8615993789855895
all,1.0,0.059848028302463066,0.5914778607266699,0.17073212515612718,0.8600756437366904
all,1.0,0.07238291650842069,0.5937555223135652,0.1767272666597713,0.8587937319269517
all,1.0,0.08491780471437829,0.5960291581965159,0.18288654880320993,0.8576394438732746
all,1.0,0.09745269292033591,0.5982986781255148,0.18921120850452225,0.8564772924593567
all,1.0,0.10998758112629353,0.600563992542685,0.19479156098503345,0.8553601935709703
all,1.0,0.12252246933225115,0.602825012595358,0.19979896246661258,0.854349875350378
all,1.0,0.13505735753820877,0.6050816501489077,0.20509336142180204,0.8536638622611353
all,1.0,0.14759224574416638,0.6073338177993343,0.21240142597529743,0.8525866264726901
all,1.0,0.16012713395012398,0.6095814288855963,0.21843525184072304,0.8512324985145469
all,1.0,0.17266202215608162,0.611824397501687,0.22417972857747787,0.8498608967606065
all,1.0,0.18519691036203922,0.6140626385084513,0.2300308495021399,0.8486355092518559
all,1.0,0.19773179856799686,0.6162960675451428,0.2361078192085653,0.8474853645352147
all,1.0,0.21026668677395446,0.6185246010407149,0.2428385671986929,0.8463280588296911
all,1.0,0.22280157497991207,0.6207481562248464,0.24969850214816233,0.8451635716187897
all,1.0,0.2353364631858697,0.622966651138697,0.25668655717337424,0.8439918827077291
all,1.0,0.2478713513918273,0.6251800046453916,0.2638014467457055,0.8428266019651497
all,1.0,0.26040623959778497,0.6273881364402315,0.2710416617092407,0.8418619636025094
all,1.0,0.2729411278037426,0.6295909670606284,0.2783332569674473,0.8406919575672581
all,1.0,0.2854760160097002,0.6317884178957632,0.2842620611379272,0.8399352492946753
all,1.0,0.2980109042156578,0.6339804111959634,0.28957373544882065,0.8384254531609661
all,1.0,0.3105457924216154,0.6361668700818014,0.29494389119486375,0.8379958623708654
all,1.0,0.323080680627573,0.63834771855291,0.3010245188963258,0.836655959789637
all,1.0,0.3356155688335306,0.6405228814965149,0.30908769859305063,0.8351238191522042
all,1.0,0.3481504570394882,0.6426922846956828,0.31737191372715934,0.8342778953613849
all,1.0,0.3606853452454458,0.6448558548372837,0.3257735191894671,0.8335206472464614
all,1.0,0.3732202334514034,0.6470135195196678,0.3331128957832036,0.8332681973869012
all,1.0,0.38575512165736114,0.6491652072600556,0.33905871305280244,0.8325775182991454
all,1.0,0.39829000986331875,0.6513108475016398,0.3462051598612978,0.8311406725249713
all,1.0,0.41082489806927636,0.6534503706204013,0.3555482433341524,0.830050468671293
all,1.0,0.42335978627523396,0.6555837079316353,0.3629974854769406,0.8292752467585911
all,1.0,0.43589467448119157,0.6577107916961913,0.37209010094093165,0.828036681844033
all,1.0,0.4484295626871492,0.6598315551264239,0.3817529512387282,0.8272905492840888
all,1.0,0.4609644508931068,0.6619459323918576,0.3911335471613346,0.8260509956787224
all,1.0,0.4734993390990644,0.6640538586245626,0.3979792701058054,0.8248153474495499
all,1.0,0.486034227305022,0.6661552699242445,0.40562133756999685,0.8232376927101036
all,1.0,0.4985691155109796,0.6682501033630482,0.41300100987295413,0.8219807681483063
all,1.0,0.5111040037169373,0.670338296990076,0.42038855480396536,0.8210097173758157
all,1.0,0.5236388919228949,0.6724197898356206,0.4278783414634337,0.8197879470475735
all,1.0,0.5361737801288525,0.6744945219151156,0.4351907784396946,0.8185201403276644
all,1.0,0.5487086683348101,0.676562434232803,0.44262773046156956,0.8175809481325289
all,1.0,0.5612435565407677,0.678623468785119,0.4500904971485605,0.8171226660700202
all,1.0,0.5737784447467253,0.6806775685638009,0.4586805022330837,0.8159556118770133
all,1.0,0.586313332952683,0.6827246775587146,0.46510846798543126,0.8153308460154814
all,1.0,0.5988482211586406,0.6847647407604068,0.47266158204644476,0.8142858970703014
all,1.0,0.6113831093645982,0.6867977041623807,0.4809838087817015,0.814127494797746
all,1.0,0.6239179975705559,0.688823514763099,0.4899600545059034,0.8135832830389799
all,1.0,0.6364528857765135,0.6908421205677164,0.4994523984781575,0.8134522164587654
all,1.0,0.6489877739824711,0.6928534705895418,0.5080532079996919,0.8132332796640039
all,1.0,0.6615226621884287,0.6948575148512339,0.5183899754952063,0.8119192282516522
all,1.0,0.6740575503943863,0.6968542043857322,0.5262652331678775,0.8107849206217167
all,1.0,0.6865924386003439,0.6988434912369251,0.5329175894505634,0.8108693206773501
all,1.0,0.6991273268063015,0.7008253284600587,0.5417359916237349,0.810023880881216
all,1.0,0.7116622150122591,0.7027996701218872,0.5493833477612088,0.8096471062535422
all,1.0,0.7241971032182167,0.7047664713005692,0.5569509995953806,0.8089476247603258
all,1.0,0.7367319914241743,0.7067256880853116,0.5642068821882579,0.8085993003334448
all,1.0,0.749266879630132,0.708677277575764,0.5716880254470648,0.8079472366065047
all,1.0,0.7618017678360897,0.710621197881168,0.579149803157208,0.8083912494849262
all,1.0,0.7743366560420473,0.7125574081192598,0.5845363085098761,0.8088455613352098
all,1.0,0.7868715442480049,0.7144858684149369,0.5904470987647372,0.8091576561488881
all,1.0,0.7994064324539625,0.7164065398986839,0.5981320195001459,0.8091030044004619
all,1.0,0.8119413206599201,0.7183193847047656,0.6032220525917933,0.809871861157514
all,1.0,0.8244762088658777,0.7202243659691895,0.6075215740301579,0.8096376799130998
all,1.0,0.8370110970718353,0.7221214478274395,0.611884140284065,0.809264063289737
all,1.0,0.8495459852777929,0.7240105954119876,0.6144139028386293,0.8105520212313655
all,1.0,0.8620808734837505,0.7258917748495826,0.6191903529081011,0.8118012862156977
all,1.0,0.8746157616897081,0.7277649532583232,0.6230484713339842,0.8133299577133644
all,1.0,0.8871506498956658,0.7296300987445163,0.6279170279118911,0.8140666381001515
all,1.0,0.8996855381016234,0.7314871803993264,0.6317641158522193,0.8148379448049736
all,1.0,0.912220426307581,0.7333361682952176,0.6350198782311989,0.816306582816758
all,1.0,0.9247553145135387,0.7351770334821933,0.6385455999515014,0.819505989041506
all,1.0,0.9372902027194963,0.737009747983837,0.6415206692992047,0.8208589962707856
all,1.0,0.9498250909254539,0.7388342847931576,0.6459365680404311,0.821816098256435
all,1.0,0.9623599791314115,0.7406506178682437,0.6489895582806255,0.8233565123828877
all,1.0,0.9748948673373691,0.7424587221277298,0.6500369992742338,0.8246652603515962
all,1.0,0.9874297555433267,0.7442585734460794,0.6531801357981255,0.828071744612925
all,1.0,0.9999646437492844,0.7460501486486877,0.6547079801227361,0.8295724318806363
