schema_version,question_id,qa_pair_id,question_ordinal,hop_index,gold_hop_count,gold_statement,gold_raw_fact,gold_serial_number,acquired_by_read,first_read_action_state,first_available_decision_state,matching_read_memory_ids,official_gold_lww_conflicted
1,agentmemorybench:fact-mh-262k:context-0/factconsolidation_mh_262k_no0,factconsolidation_mh_262k_no0,0,1,3,Christian Abbiati plays the position of cornerback,10906. Christian Abbiati plays the position of cornerback.,10906,True,2,3,"[""m-d378741b166342a8e5a0aca8""]",False
1,agentmemorybench:fact-mh-262k:context-0/factconsolidation_mh_262k_no0,factconsolidation_mh_262k_no0,0,2,3,cornerback is associated with the sport of field hockey,7164. cornerback is associated with the sport of field hockey.,7164,True,2,3,"[""m-b7dcd8cd2d91e2a0530e94f1""]",False
1,agentmemorybench:fact-mh-262k:context-0/factconsolidation_mh_262k_no0,factconsolidation_mh_262k_no0,0,3,3,field hockey was created in the country of Philippines,7774. field hockey was created in the country of Philippines.,7774,False,,,[],False
1,agentmemorybench:fact-mh-262k:context-0/factconsolidation_mh_262k_no1,factconsolidation_mh_262k_no1,1,1,2,Karl Lueger is a citizen of Lordship of Ireland,9973. Karl Lueger is a citizen of Lordship of Ireland.,9973,True,2,3,"[""m-1d5745d8b432a6047b4dd936""]",False
1,agentmemorybench:fact-mh-262k:context-0/factconsolidation_mh_262k_no1,factconsolidation_mh_262k_no1,1,2,2,Lordship of Ireland is affiliated with the religion of atheism,16142. Lordship of Ireland is affiliated with the religion of atheism.,16142,True,4,5,"[""m-0b1100aa2215e071bf08a812""]",False
1,agentmemorybench:fact-mh-262k:context-0/factconsolidation_mh_262k_no2,factconsolidation_mh_262k_no2,2,1,4,The author of American Pastoral is F. Scott Fitzgerald,10793. The author of American Pastoral is F. Scott Fitzgerald.,10793,True,2,3,"[""m-d378741b166342a8e5a0aca8""]",True
1,agentmemorybench:fact-mh-262k:context-0/factconsolidation_mh_262k_no2,factconsolidation_mh_262k_no2,2,2,4,F. Scott Fitzgerald is married to Zelda Fitzgerald,8453. F. Scott Fitzgerald is married to Zelda Fitzgerald.,8453,True,15,16,"[""m-aff4df280c82222c41cd9dbd""]",True
1,agentmemorybench:fact-mh-262k:context-0/factconsolidation_mh_262k_no2,factconsolidation_mh_262k_no2,2,3,4,Zelda Fitzgerald is a citizen of Australia,10172. Zelda Fitzgerald is a citizen of Australia.,10172,False,,,[],True
1,agentmemorybench:fact-mh-262k:context-0/factconsolidation_mh_262k_no2,factconsolidation_mh_262k_no2,2,4,4,Australia is located in the continent of Oceania,2465. Australia is located in the continent of Oceania.,2465,False,,,[],True
1,agentmemorybench:fact-mh-262k:context-0/factconsolidation_mh_262k_no3,factconsolidation_mh_262k_no3,3,1,2,The origianl broadcaster of Your Hit Parade is NBC,6274. The origianl broadcaster of Your Hit Parade is NBC.,6274,True,2,3,"[""m-764a735eb863dbf0706b046a""]",False
1,agentmemorybench:fact-mh-262k:context-0/factconsolidation_mh_262k_no3,factconsolidation_mh_262k_no3,3,2,2,NBC was founded in the city of Paris,8147. NBC was founded in the city of Paris.,8147,False,,,[],False
1,agentmemorybench:fact-mh-262k:context-0/factconsolidation_mh_262k_no4,factconsolidation_mh_262k_no4,4,1,2,Valmiki is famous for Ramayana,11280. Valmiki is famous for Ramayana.,11280,False,,,[],True
1,agentmemorybench:fact-mh-262k:context-0/factconsolidation_mh_262k_no4,factconsolidation_mh_262k_no4,4,2,2,Ramayana was written in the language of English,12454. Ramayana was written in the language of English.,12454,True,6,7,"[""m-b4f7617ddfde634fb0ac7372""]",True
1,agentmemorybench:fact-mh-262k:context-0/factconsolidation_mh_262k_no5,factconsolidation_mh_262k_no5,5,1,4,The chief executive officer of CBS Corporation is Les Moonves,352. The chief executive officer of CBS Corporation is Les Moonves.,352,True,2,3,"[""m-9c66a5ec4a759d8795c58788""]",False
1,agentmemorybench:fact-mh-262k:context-0/factconsolidation_mh_262k_no5,factconsolidation_mh_262k_no5,5,2,4,Les Moonves is married to Louis Aragon,12849. Les Moonves is married to Louis Aragon.,12849,True,4,5,"[""m-d8939565b192098f7742417a""]",False
1,agentmemorybench:fact-mh-262k:context-0/factconsolidation_mh_262k_no5,factconsolidation_mh_262k_no5,5,3,4,Louis Aragon is a citizen of Italy,12744. Louis Aragon is a citizen of Italy.,12744,True,4,5,"[""m-d8939565b192098f7742417a""]",False
1,agentmemorybench:fact-mh-262k:context-0/factconsolidation_mh_262k_no5,factconsolidation_mh_262k_no5,5,4,4,The official language of Italy is Walloon,8583. The official language of Italy is Walloon.,8583,True,4,5,"[""m-aff4df280c82222c41cd9dbd""]",False
1,agentmemorybench:fact-mh-262k:context-0/factconsolidation_mh_262k_no6,factconsolidation_mh_262k_no6,6,1,2,Melvil Dewey is famous for Dewey Decimal Classification,11551. Melvil Dewey is famous for Dewey Decimal Classification.,11551,True,2,3,"[""m-ae3c59715d1425023fba9b40""]",False
1,agentmemorybench:fact-mh-262k:context-0/factconsolidation_mh_262k_no6,factconsolidation_mh_262k_no6,6,2,2,Dewey Decimal Classification was written in the language of Italian,7738. Dewey Decimal Classification was written in the language of Italian.,7738,True,2,3,"[""m-e83f38f2c761aa5a2f5c0f21""]",False
1,agentmemorybench:fact-mh-262k:context-0/factconsolidation_mh_262k_no7,factconsolidation_mh_262k_no7,7,1,4,Revolver was performed by Madonna,11307. Revolver was performed by Madonna.,11307,True,3,4,"[""m-323e3517faf8135a089224ca""]",False
1,agentmemorybench:fact-mh-262k:context-0/factconsolidation_mh_262k_no7,factconsolidation_mh_262k_no7,7,2,4,The director of Madonna is Narendra Modi,12455. The director of Madonna is Narendra Modi.,12455,True,3,4,"[""m-b4f7617ddfde634fb0ac7372""]",False
1,agentmemorybench:fact-mh-262k:context-0/factconsolidation_mh_262k_no7,factconsolidation_mh_262k_no7,7,3,4,Narendra Modi is a citizen of Australia,12321. Narendra Modi is a citizen of Australia.,12321,True,10,11,"[""m-f41ccd0cde28da235a2664ef""]",False
1,agentmemorybench:fact-mh-262k:context-0/factconsolidation_mh_262k_no7,factconsolidation_mh_262k_no7,7,4,4,The official language of Australia is Arabic,17385. The official language of Australia is Arabic.,17385,False,,,[],False
1,agentmemorybench:fact-mh-262k:context-0/factconsolidation_mh_262k_no8,factconsolidation_mh_262k_no8,8,1,2,The author of Measure for Measure is William Shakespeare,13949. The author of Measure for Measure is William Shakespeare.,13949,True,2,3,"[""m-621e3928a351e7bbd9e11337""]",True
1,agentmemorybench:fact-mh-262k:context-0/factconsolidation_mh_262k_no8,factconsolidation_mh_262k_no8,8,2,2,The univeristy where William Shakespeare was educated is University of Oxford,14246. The univeristy where William Shakespeare was educated is University of Oxford.,14246,False,,,[],True
1,agentmemorybench:fact-mh-262k:context-0/factconsolidation_mh_262k_no9,factconsolidation_mh_262k_no9,9,1,3,The headquarters of FC Viikingit is located in the city of Helsinki,1153. The headquarters of FC Viikingit is located in the city of Helsinki.,1153,True,2,3,"[""m-8e14b81f299884f04aa016ff""]",True
1,agentmemorybench:fact-mh-262k:context-0/factconsolidation_mh_262k_no9,factconsolidation_mh_262k_no9,9,2,3,The official language of Helsinki is Esperanto,9546. The official language of Helsinki is Esperanto.,9546,True,4,5,"[""m-8988c2999d80d11c33dcaf06""]",True
1,agentmemorybench:fact-mh-262k:context-0/factconsolidation_mh_262k_no9,factconsolidation_mh_262k_no9,9,3,3,Esperanto was created by L. L. Zamenhof,1514. Esperanto was created by L. L. Zamenhof.,1514,True,6,7,"[""m-9775f81addddef3bf5347951""]",True
1,agentmemorybench:fact-mh-262k:context-0/factconsolidation_mh_262k_no10,factconsolidation_mh_262k_no10,10,1,4,Visual Basic .NET was developed by Lenovo,10392. Visual Basic .NET was developed by Lenovo.,10392,False,,,[],True
1,agentmemorybench:fact-mh-262k:context-0/factconsolidation_mh_262k_no10,factconsolidation_mh_262k_no10,10,2,4,The chief executive officer of Lenovo is Elon Musk,13881. The chief executive officer of Lenovo is Elon Musk.,13881,False,,,[],True
1,agentmemorybench:fact-mh-262k:context-0/factconsolidation_mh_262k_no10,factconsolidation_mh_262k_no10,10,3,4,Elon Musk was born in the city of New Zealand,14913. Elon Musk was born in the city of New Zealand.,14913,False,,,[],True
1,agentmemorybench:fact-mh-262k:context-0/factconsolidation_mh_262k_no10,factconsolidation_mh_262k_no10,10,4,4,New Zealand is located in the continent of Oceania,10006. New Zealand is located in the continent of Oceania.,10006,True,7,8,"[""m-1d5745d8b432a6047b4dd936""]",True
1,agentmemorybench:fact-mh-262k:context-0/factconsolidation_mh_262k_no11,factconsolidation_mh_262k_no11,11,1,3,Giulio Alberoni is affiliated with the religion of Methodism,15041. Giulio Alberoni is affiliated with the religion of Methodism.,15041,True,3,4,"[""m-edc48416279cf33fce68c421""]",True
1,agentmemorybench:fact-mh-262k:context-0/factconsolidation_mh_262k_no11,factconsolidation_mh_262k_no11,11,2,3,Methodism was founded by John Wesley,6850. Methodism was founded by John Wesley.,6850,True,3,4,"[""m-971985574eb04740c13ad5c1""]",True
1,agentmemorybench:fact-mh-262k:context-0/factconsolidation_mh_262k_no11,factconsolidation_mh_262k_no11,11,3,3,John Wesley was born in the city of Epworth,2049. John Wesley was born in the city of Epworth.,2049,False,,,[],True
1,agentmemorybench:fact-mh-262k:context-0/factconsolidation_mh_262k_no12,factconsolidation_mh_262k_no12,12,1,2,The origianl broadcaster of Adventures in Paradise is WTTW,15213. The origianl broadcaster of Adventures in Paradise is WTTW.,15213,True,2,3,"[""m-25705ac9d5e8865bd0ef9821""]",False
1,agentmemorybench:fact-mh-262k:context-0/factconsolidation_mh_262k_no12,factconsolidation_mh_262k_no12,12,2,2,The headquarters of WTTW is located in the city of Knoxville,13379. The headquarters of WTTW is located in the city of Knoxville.,13379,False,,,[],False
1,agentmemorybench:fact-mh-262k:context-0/factconsolidation_mh_262k_no13,factconsolidation_mh_262k_no13,13,1,2,Miley Stewart was performed by John Lennon,11396. Miley Stewart was performed by John Lennon.,11396,True,2,3,"[""m-ae3c59715d1425023fba9b40""]",False
1,agentmemorybench:fact-mh-262k:context-0/factconsolidation_mh_262k_no13,factconsolidation_mh_262k_no13,13,2,2,John Lennon is famous for Gundam,12951. John Lennon is famous for Gundam.,12951,True,4,5,"[""m-d8939565b192098f7742417a""]",False
1,agentmemorybench:fact-mh-262k:context-0/factconsolidation_mh_262k_no14,factconsolidation_mh_262k_no14,14,1,2,Fernando Lugo is a citizen of United Kingdom,14149. Fernando Lugo is a citizen of United Kingdom.,14149,True,2,3,"[""m-1013038271bffdb5b4d7d9a5""]",False
1,agentmemorybench:fact-mh-262k:context-0/factconsolidation_mh_262k_no14,factconsolidation_mh_262k_no14,14,2,2,United Kingdom is located in the continent of Oceania,15498. United Kingdom is located in the continent of Oceania.,15498,True,5,6,"[""m-0e33301d9eea6a7743aacd1f""]",False
1,agentmemorybench:fact-mh-262k:context-0/factconsolidation_mh_262k_no15,factconsolidation_mh_262k_no15,15,1,2,"The univeristy where Stewart Udall was educated is California State University, Long Beach","15285. The univeristy where Stewart Udall was educated is California State University, Long Beach.",15285,True,3,4,"[""m-25705ac9d5e8865bd0ef9821""]",False
1,agentmemorybench:fact-mh-262k:context-0/factconsolidation_mh_262k_no15,factconsolidation_mh_262k_no15,15,2,2,"The headquarters of California State University, Long Beach is located in the city of Long Beach","16859. The headquarters of California State University, Long Beach is located in the city of Long Beach.",16859,True,3,4,"[""m-ac04b749be9809cc151a3f0e""]",False
1,agentmemorybench:fact-mh-262k:context-0/factconsolidation_mh_262k_no16,factconsolidation_mh_262k_no16,16,1,4,International Judo Federation is associated with the sport of judo,10581. International Judo Federation is associated with the sport of judo.,10581,True,2,3,"[""m-ec21766410e0c5f0e5f7320f""]",True
1,agentmemorybench:fact-mh-262k:context-0/factconsolidation_mh_262k_no16,factconsolidation_mh_262k_no16,16,2,4,judo was founded by Charles de Gaulle,15833. judo was founded by Charles de Gaulle.,15833,True,2,3,"[""m-0b1df58bb07f6d7652d8dfb1""]",True
1,agentmemorybench:fact-mh-262k:context-0/factconsolidation_mh_262k_no16,factconsolidation_mh_262k_no16,16,3,4,Charles de Gaulle is a citizen of France,5520. Charles de Gaulle is a citizen of France.,5520,True,5,6,"[""m-b7d3a9321839d30b4fca32c4""]",True
1,agentmemorybench:fact-mh-262k:context-0/factconsolidation_mh_262k_no16,factconsolidation_mh_262k_no16,16,4,4,France is located in the continent of Europe,7772. France is located in the continent of Europe.,7772,False,,,[],True
1,agentmemorybench:fact-mh-262k:context-0/factconsolidation_mh_262k_no17,factconsolidation_mh_262k_no17,17,1,3,Duquesne University is affiliated with the religion of Methodism,17288. Duquesne University is affiliated with the religion of Methodism.,17288,True,4,5,"[""m-2c378c529470c6ac9d9129c5""]",True
1,agentmemorybench:fact-mh-262k:context-0/factconsolidation_mh_262k_no17,factconsolidation_mh_262k_no17,17,2,3,Methodism was founded by John Wesley,6850. Methodism was founded by John Wesley.,6850,False,,,[],True
1,agentmemorybench:fact-mh-262k:context-0/factconsolidation_mh_262k_no17,factconsolidation_mh_262k_no17,17,3,3,John Wesley was born in the city of Epworth,2049. John Wesley was born in the city of Epworth.,2049,False,,,[],True
1,agentmemorybench:fact-mh-262k:context-0/factconsolidation_mh_262k_no18,factconsolidation_mh_262k_no18,18,1,4,The company that produced Ford Ranger is Ford Motor Company,16048. The company that produced Ford Ranger is Ford Motor Company.,16048,True,2,3,"[""m-0b1100aa2215e071bf08a812""]",True
1,agentmemorybench:fact-mh-262k:context-0/factconsolidation_mh_262k_no18,factconsolidation_mh_262k_no18,18,2,4,Ford Motor Company was founded by Henri Grégoire,10064. Ford Motor Company was founded by Henri Grégoire.,10064,True,10,11,"[""m-1d5745d8b432a6047b4dd936""]",True
1,agentmemorybench:fact-mh-262k:context-0/factconsolidation_mh_262k_no18,factconsolidation_mh_262k_no18,18,3,4,Henri Grégoire is a citizen of France,3909. Henri Grégoire is a citizen of France.,3909,False,,,[],True
1,agentmemorybench:fact-mh-262k:context-0/factconsolidation_mh_262k_no18,factconsolidation_mh_262k_no18,18,4,4,The capital of France is Paris,6671. The capital of France is Paris.,6671,False,,,[],True
1,agentmemorybench:fact-mh-262k:context-0/factconsolidation_mh_262k_no19,factconsolidation_mh_262k_no19,19,1,4,Peter Schmeichel plays the position of goalkeeper,4567. Peter Schmeichel plays the position of goalkeeper.,4567,True,3,4,"[""m-1206e80bff6434ab66c69ece""]",True
1,agentmemorybench:fact-mh-262k:context-0/factconsolidation_mh_262k_no19,factconsolidation_mh_262k_no19,19,2,4,goalkeeper is associated with the sport of Gaelic football,8668. goalkeeper is associated with the sport of Gaelic football.,8668,False,,,[],True
1,agentmemorybench:fact-mh-262k:context-0/factconsolidation_mh_262k_no19,factconsolidation_mh_262k_no19,19,3,4,Gaelic football was created in the country of Ireland,9554. Gaelic football was created in the country of Ireland.,9554,True,14,15,"[""m-8988c2999d80d11c33dcaf06""]",True
1,agentmemorybench:fact-mh-262k:context-0/factconsolidation_mh_262k_no19,factconsolidation_mh_262k_no19,19,4,4,The capital of Ireland is Dublin,2640. The capital of Ireland is Dublin.,2640,True,9,10,"[""m-cbdf6a8153fd22ff0242fee9""]",True
1,agentmemorybench:fact-mh-262k:context-0/factconsolidation_mh_262k_no20,factconsolidation_mh_262k_no20,20,1,3,Halifax Town A.F.C. is associated with the sport of association football,310. Halifax Town A.F.C. is associated with the sport of association football.,310,True,2,3,"[""m-9c66a5ec4a759d8795c58788""]",True
1,agentmemorybench:fact-mh-262k:context-0/factconsolidation_mh_262k_no20,factconsolidation_mh_262k_no20,20,2,3,association football was created in the country of Italy,11954. association football was created in the country of Italy.,11954,True,9,10,"[""m-32937397b194ea97822b7885""]",True
1,agentmemorybench:fact-mh-262k:context-0/factconsolidation_mh_262k_no20,factconsolidation_mh_262k_no20,20,3,3,The name of the current head of state in Italy is Sergio Mattarella,1595. The name of the current head of state in Italy is Sergio Mattarella.,1595,True,11,12,"[""m-9775f81addddef3bf5347951""]",True
1,agentmemorybench:fact-mh-262k:context-0/factconsolidation_mh_262k_no21,factconsolidation_mh_262k_no21,21,1,2,Gustav Vigeland is a citizen of Finland,8631. Gustav Vigeland is a citizen of Finland.,8631,True,2,3,"[""m-28069cede24e19a36554223e""]",False
1,agentmemorybench:fact-mh-262k:context-0/factconsolidation_mh_262k_no21,factconsolidation_mh_262k_no21,21,2,2,Finland is located in the continent of Asia,8800. Finland is located in the continent of Asia.,8800,True,2,3,"[""m-28069cede24e19a36554223e""]",False
1,agentmemorybench:fact-mh-262k:context-0/factconsolidation_mh_262k_no22,factconsolidation_mh_262k_no22,22,1,3,John Beilein works in the field of association football referee,16412. John Beilein works in the field of association football referee.,16412,True,2,3,"[""m-e88cdf413fbf8a7ac37bd0fb""]",False
1,agentmemorybench:fact-mh-262k:context-0/factconsolidation_mh_262k_no22,factconsolidation_mh_262k_no22,22,2,3,association football referee is associated with the sport of baseball,15784. association football referee is associated with the sport of baseball.,15784,False,,,[],False
1,agentmemorybench:fact-mh-262k:context-0/factconsolidation_mh_262k_no22,factconsolidation_mh_262k_no22,22,3,3,baseball was created in the country of Japan,14700. baseball was created in the country of Japan.,14700,False,,,[],False
1,agentmemorybench:fact-mh-262k:context-0/factconsolidation_mh_262k_no23,factconsolidation_mh_262k_no23,23,1,2,Lynn Margulis is married to Carl Sagan,4991. Lynn Margulis is married to Carl Sagan.,4991,True,2,3,"[""m-65ddf9819a5ecf5e4656074f""]",False
1,agentmemorybench:fact-mh-262k:context-0/factconsolidation_mh_262k_no23,factconsolidation_mh_262k_no23,23,2,2,Carl Sagan is employed by British Broadcasting Corporation,3648. Carl Sagan is employed by British Broadcasting Corporation.,3648,True,4,5,"[""m-154bcacb92d86a5c9d325b00""]",False
1,agentmemorybench:fact-mh-262k:context-0/factconsolidation_mh_262k_no24,factconsolidation_mh_262k_no24,24,1,2,Tina Charles plays the position of defensive back,12974. Tina Charles plays the position of defensive back.,12974,True,2,3,"[""m-d8939565b192098f7742417a""]",False
1,agentmemorybench:fact-mh-262k:context-0/factconsolidation_mh_262k_no24,factconsolidation_mh_262k_no24,24,2,2,defensive back is associated with the sport of American football,48. defensive back is associated with the sport of American football.,48,True,4,5,"[""m-954c540a5962fbc7d01e18bf""]",False
1,agentmemorybench:fact-mh-262k:context-0/factconsolidation_mh_262k_no25,factconsolidation_mh_262k_no25,25,1,4,Please Please Me was performed by The Beatles,7049. Please Please Me was performed by The Beatles.,7049,True,2,3,"[""m-b7dcd8cd2d91e2a0530e94f1""]",True
1,agentmemorybench:fact-mh-262k:context-0/factconsolidation_mh_262k_no25,factconsolidation_mh_262k_no25,25,2,4,The director of The Beatles is Joe Hockey,13824. The director of The Beatles is Joe Hockey.,13824,False,,,[],True
1,agentmemorybench:fact-mh-262k:context-0/factconsolidation_mh_262k_no25,factconsolidation_mh_262k_no25,25,3,4,Joe Hockey is a citizen of Australia,5086. Joe Hockey is a citizen of Australia.,5086,False,,,[],True
1,agentmemorybench:fact-mh-262k:context-0/factconsolidation_mh_262k_no25,factconsolidation_mh_262k_no25,25,4,4,Australia is located in the continent of Oceania,2465. Australia is located in the continent of Oceania.,2465,False,,,[],True
1,agentmemorybench:fact-mh-262k:context-0/factconsolidation_mh_262k_no26,factconsolidation_mh_262k_no26,26,1,2,Bianca Jagger is married to Mick Jagger,10058. Bianca Jagger is married to Mick Jagger.,10058,True,2,3,"[""m-1d5745d8b432a6047b4dd936""]",False
1,agentmemorybench:fact-mh-262k:context-0/factconsolidation_mh_262k_no26,factconsolidation_mh_262k_no26,26,2,2,Mick Jagger was born in the city of North Charleston,4695. Mick Jagger was born in the city of North Charleston.,4695,True,2,3,"[""m-1206e80bff6434ab66c69ece""]",False
1,agentmemorybench:fact-mh-262k:context-0/factconsolidation_mh_262k_no27,factconsolidation_mh_262k_no27,27,1,4,2014 World Judo Championships is associated with the sport of judo,5117. 2014 World Judo Championships is associated with the sport of judo.,5117,True,5,6,"[""m-2a33ae56e5df02e9a6e4fa1b""]",True
1,agentmemorybench:fact-mh-262k:context-0/factconsolidation_mh_262k_no27,factconsolidation_mh_262k_no27,27,2,4,judo was founded by Charles de Gaulle,15833. judo was founded by Charles de Gaulle.,15833,False,,,[],True
1,agentmemorybench:fact-mh-262k:context-0/factconsolidation_mh_262k_no27,factconsolidation_mh_262k_no27,27,3,4,Charles de Gaulle is a citizen of India,8404. Charles de Gaulle is a citizen of India.,8404,False,,,[],True
1,agentmemorybench:fact-mh-262k:context-0/factconsolidation_mh_262k_no27,factconsolidation_mh_262k_no27,27,4,4,The capital of India is New Delhi,5269. The capital of India is New Delhi.,5269,True,5,6,"[""m-2a33ae56e5df02e9a6e4fa1b""]",True
1,agentmemorybench:fact-mh-262k:context-0/factconsolidation_mh_262k_no28,factconsolidation_mh_262k_no28,28,1,2,Family Force 5 was created in the country of Japan,14971. Family Force 5 was created in the country of Japan.,14971,True,2,3,"[""m-edc48416279cf33fce68c421""]",False
1,agentmemorybench:fact-mh-262k:context-0/factconsolidation_mh_262k_no28,factconsolidation_mh_262k_no28,28,2,2,The capital of Japan is Bondi Junction,2279. The capital of Japan is Bondi Junction.,2279,True,4,5,"[""m-a0156ee0ec6cb0be09a290e7""]",False
1,agentmemorybench:fact-mh-262k:context-0/factconsolidation_mh_262k_no29,factconsolidation_mh_262k_no29,29,1,2,The author of Carmilla is Joseph Stein,14283. The author of Carmilla is Joseph Stein.,14283,True,2,3,"[""m-1013038271bffdb5b4d7d9a5""]",False
1,agentmemorybench:fact-mh-262k:context-0/factconsolidation_mh_262k_no29,factconsolidation_mh_262k_no29,29,2,2,Joseph Stein died in the city of New York City,12063. Joseph Stein died in the city of New York City.,12063,True,4,5,"[""m-32937397b194ea97822b7885""]",False
1,agentmemorybench:fact-mh-262k:context-0/factconsolidation_mh_262k_no30,factconsolidation_mh_262k_no30,30,1,2,The type of music that Dave Matthews Band plays is rock music,17419. The type of music that Dave Matthews Band plays is rock music.,17419,True,2,3,"[""m-098e8f358b290e8ba2babe14""]",False
1,agentmemorybench:fact-mh-262k:context-0/factconsolidation_mh_262k_no30,factconsolidation_mh_262k_no30,30,2,2,rock music was created in the country of Spain,18262. rock music was created in the country of Spain.,18262,True,2,3,"[""m-e8c89d3ba3aa543273171efa""]",False
1,agentmemorybench:fact-mh-262k:context-0/factconsolidation_mh_262k_no31,factconsolidation_mh_262k_no31,31,1,2,Stephen Greenblatt is employed by X Prize Foundation,3676. Stephen Greenblatt is employed by X Prize Foundation.,3676,True,2,3,"[""m-154bcacb92d86a5c9d325b00""]",False
1,agentmemorybench:fact-mh-262k:context-0/factconsolidation_mh_262k_no31,factconsolidation_mh_262k_no31,31,2,2,The chairperson of X Prize Foundation is Mike Cheston,17945. The chairperson of X Prize Foundation is Mike Cheston.,17945,False,,,[],False
1,agentmemorybench:fact-mh-262k:context-0/factconsolidation_mh_262k_no32,factconsolidation_mh_262k_no32,32,1,4,1 was performed by Madonna,16880. 1 was performed by Madonna.,16880,False,,,[],False
1,agentmemorybench:fact-mh-262k:context-0/factconsolidation_mh_262k_no32,factconsolidation_mh_262k_no32,32,2,4,The director of Madonna is Narendra Modi,12455. The director of Madonna is Narendra Modi.,12455,False,,,[],False
1,agentmemorybench:fact-mh-262k:context-0/factconsolidation_mh_262k_no32,factconsolidation_mh_262k_no32,32,3,4,Narendra Modi is a citizen of Australia,12321. Narendra Modi is a citizen of Australia.,12321,False,,,[],False
1,agentmemorybench:fact-mh-262k:context-0/factconsolidation_mh_262k_no32,factconsolidation_mh_262k_no32,32,4,4,The official language of Australia is Arabic,17385. The official language of Australia is Arabic.,17385,False,,,[],False
1,agentmemorybench:fact-mh-262k:context-0/factconsolidation_mh_262k_no33,factconsolidation_mh_262k_no33,33,1,3,The univeristy where James Michael Curley was educated is The Catholic University of America,17838. The univeristy where James Michael Curley was educated is The Catholic University of America.,17838,True,2,3,"[""m-0f10fff25f4f2295def856b4""]",True
1,agentmemorybench:fact-mh-262k:context-0/factconsolidation_mh_262k_no33,factconsolidation_mh_262k_no33,33,2,3,The Catholic University of America is affiliated with the religion of Catholic Church,2995. The Catholic University of America is affiliated with the religion of Catholic Church.,2995,False,,,[],True
1,agentmemorybench:fact-mh-262k:context-0/factconsolidation_mh_262k_no33,factconsolidation_mh_262k_no33,33,3,3,Catholic Church was founded by Gérard Blitz,15083. Catholic Church was founded by Gérard Blitz.,15083,False,,,[],True
1,agentmemorybench:fact-mh-262k:context-0/factconsolidation_mh_262k_no34,factconsolidation_mh_262k_no34,34,1,3,Metz Cathedral is affiliated with the religion of Hasidism,5089. Metz Cathedral is affiliated with the religion of Hasidism.,5089,True,3,4,"[""m-2a33ae56e5df02e9a6e4fa1b""]",False
1,agentmemorybench:fact-mh-262k:context-0/factconsolidation_mh_262k_no34,factconsolidation_mh_262k_no34,34,2,3,Hasidism was founded by Nicholas II of Russia,2949. Hasidism was founded by Nicholas II of Russia.,2949,False,,,[],False
1,agentmemorybench:fact-mh-262k:context-0/factconsolidation_mh_262k_no34,factconsolidation_mh_262k_no34,34,3,3,Nicholas II of Russia worked in the city of London,9373. Nicholas II of Russia worked in the city of London.,9373,False,,,[],False
1,agentmemorybench:fact-mh-262k:context-0/factconsolidation_mh_262k_no35,factconsolidation_mh_262k_no35,35,1,4,Sumie Sakai is associated with the sport of judo,17229. Sumie Sakai is associated with the sport of judo.,17229,True,2,3,"[""m-2c378c529470c6ac9d9129c5""]",True
1,agentmemorybench:fact-mh-262k:context-0/factconsolidation_mh_262k_no35,factconsolidation_mh_262k_no35,35,2,4,judo was founded by Charles de Gaulle,15833. judo was founded by Charles de Gaulle.,15833,False,,,[],True
1,agentmemorybench:fact-mh-262k:context-0/factconsolidation_mh_262k_no35,factconsolidation_mh_262k_no35,35,3,4,Charles de Gaulle is a citizen of India,8404. Charles de Gaulle is a citizen of India.,8404,True,5,6,"[""m-aff4df280c82222c41cd9dbd""]",True
1,agentmemorybench:fact-mh-262k:context-0/factconsolidation_mh_262k_no35,factconsolidation_mh_262k_no35,35,4,4,The capital of India is New Delhi,5269. The capital of India is New Delhi.,5269,True,7,8,"[""m-2a33ae56e5df02e9a6e4fa1b""]",True
1,agentmemorybench:fact-mh-262k:context-0/factconsolidation_mh_262k_no36,factconsolidation_mh_262k_no36,36,1,4,Back in the U.S.S.R. was performed by The Beatles,7763. Back in the U.S.S.R. was performed by The Beatles.,7763,True,3,4,"[""m-a1a4edfb7fb9ec1bee215e03""]",True
1,agentmemorybench:fact-mh-262k:context-0/factconsolidation_mh_262k_no36,factconsolidation_mh_262k_no36,36,2,4,The director of The Beatles is Joe Hockey,13824. The director of The Beatles is Joe Hockey.,13824,False,,,[],True
1,agentmemorybench:fact-mh-262k:context-0/factconsolidation_mh_262k_no36,factconsolidation_mh_262k_no36,36,3,4,Joe Hockey is a citizen of Australia,5086. Joe Hockey is a citizen of Australia.,5086,False,,,[],True
1,agentmemorybench:fact-mh-262k:context-0/factconsolidation_mh_262k_no36,factconsolidation_mh_262k_no36,36,4,4,The capital of Australia is Canberra,316. The capital of Australia is Canberra.,316,False,,,[],True
1,agentmemorybench:fact-mh-262k:context-0/factconsolidation_mh_262k_no37,factconsolidation_mh_262k_no37,37,1,2,Gabriel Narutowicz is affiliated with the religion of Catholic Church,13091. Gabriel Narutowicz is affiliated with the religion of Catholic Church.,13091,True,2,3,"[""m-f4d41a198fada7f7ebf3b81e""]",False
1,agentmemorybench:fact-mh-262k:context-0/factconsolidation_mh_262k_no37,factconsolidation_mh_262k_no37,37,2,2,Catholic Church was founded by Gérard Blitz,15083. Catholic Church was founded by Gérard Blitz.,15083,True,3,4,"[""m-edc48416279cf33fce68c421""]",False
1,agentmemorybench:fact-mh-262k:context-0/factconsolidation_mh_262k_no38,factconsolidation_mh_262k_no38,38,1,2,"Nate ""Tiny"" Archibald is a citizen of Sweden","12147. Nate ""Tiny"" Archibald is a citizen of Sweden.",12147,True,3,4,"[""m-32937397b194ea97822b7885""]",False
1,agentmemorybench:fact-mh-262k:context-0/factconsolidation_mh_262k_no38,factconsolidation_mh_262k_no38,38,2,2,The official language of Sweden is German,13563. The official language of Sweden is German.,13563,True,5,6,"[""m-de83a0d2e0630ddb97f1fe54""]",False
1,agentmemorybench:fact-mh-262k:context-0/factconsolidation_mh_262k_no39,factconsolidation_mh_262k_no39,39,1,2,The author of La Celestina is Sigmund Freud,13895. The author of La Celestina is Sigmund Freud.,13895,True,3,4,"[""m-621e3928a351e7bbd9e11337""]",False
1,agentmemorybench:fact-mh-262k:context-0/factconsolidation_mh_262k_no39,factconsolidation_mh_262k_no39,39,2,2,The univeristy where Sigmund Freud was educated is Princeton University,17423. The univeristy where Sigmund Freud was educated is Princeton University.,17423,True,5,6,"[""m-098e8f358b290e8ba2babe14""]",False
1,agentmemorybench:fact-mh-262k:context-0/factconsolidation_mh_262k_no40,factconsolidation_mh_262k_no40,40,1,2,Malik Kafur is affiliated with the religion of Islam,6249. Malik Kafur is affiliated with the religion of Islam.,6249,True,3,4,"[""m-764a735eb863dbf0706b046a""]",False
1,agentmemorybench:fact-mh-262k:context-0/factconsolidation_mh_262k_no40,factconsolidation_mh_262k_no40,40,2,2,The official language of Islam is Picard,17328. The official language of Islam is Picard.,17328,True,3,4,"[""m-2c378c529470c6ac9d9129c5""]",False
1,agentmemorybench:fact-mh-262k:context-0/factconsolidation_mh_262k_no41,factconsolidation_mh_262k_no41,41,1,2,Yesterday and Today was performed by Madonna,18125. Yesterday and Today was performed by Madonna.,18125,True,2,3,"[""m-0a2ca057cd4e91028f99f848""]",False
1,agentmemorybench:fact-mh-262k:context-0/factconsolidation_mh_262k_no41,factconsolidation_mh_262k_no41,41,2,2,The director of Madonna is Narendra Modi,12455. The director of Madonna is Narendra Modi.,12455,True,2,3,"[""m-b4f7617ddfde634fb0ac7372""]",False
1,agentmemorybench:fact-mh-262k:context-0/factconsolidation_mh_262k_no42,factconsolidation_mh_262k_no42,42,1,4,Derek Holland plays the position of linebacker,11785. Derek Holland plays the position of linebacker.,11785,True,2,3,"[""m-cc9026da2a96fd1bdeb2953b""]",True
1,agentmemorybench:fact-mh-262k:context-0/factconsolidation_mh_262k_no42,factconsolidation_mh_262k_no42,42,2,4,linebacker is associated with the sport of shinty,11323. linebacker is associated with the sport of shinty.,11323,False,,,[],True
1,agentmemorybench:fact-mh-262k:context-0/factconsolidation_mh_262k_no42,factconsolidation_mh_262k_no42,42,3,4,shinty was created in the country of Canada,13265. shinty was created in the country of Canada.,13265,True,5,6,"[""m-8ea23f7d97db2ab60eec5ae4""]",True
1,agentmemorybench:fact-mh-262k:context-0/factconsolidation_mh_262k_no42,factconsolidation_mh_262k_no42,42,4,4,The capital of Canada is Ottawa,13502. The capital of Canada is Ottawa.,13502,True,5,6,"[""m-8ea23f7d97db2ab60eec5ae4""]",True
1,agentmemorybench:fact-mh-262k:context-0/factconsolidation_mh_262k_no43,factconsolidation_mh_262k_no43,43,1,2,The chairperson of Muttahida Qaumi Movement is Stephen McNeil,9543. The chairperson of Muttahida Qaumi Movement is Stephen McNeil.,9543,True,2,3,"[""m-8988c2999d80d11c33dcaf06""]",False
1,agentmemorybench:fact-mh-262k:context-0/factconsolidation_mh_262k_no43,factconsolidation_mh_262k_no43,43,2,2,Stephen McNeil speaks the language of English,1721. Stephen McNeil speaks the language of English.,1721,True,4,5,"[""m-4629414582d97d69514c4643""]",False
1,agentmemorybench:fact-mh-262k:context-0/factconsolidation_mh_262k_no44,factconsolidation_mh_262k_no44,44,1,2,Ragini Dwivedi is a citizen of United Kingdom,14296. Ragini Dwivedi is a citizen of United Kingdom.,14296,True,6,7,"[""m-1013038271bffdb5b4d7d9a5""]",False
1,agentmemorybench:fact-mh-262k:context-0/factconsolidation_mh_262k_no44,factconsolidation_mh_262k_no44,44,2,2,The capital of United Kingdom is Rupnagar,9722. The capital of United Kingdom is Rupnagar.,9722,True,3,4,"[""m-3d125b0f0545f62e1d4dad28""]",False
1,agentmemorybench:fact-mh-262k:context-0/factconsolidation_mh_262k_no45,factconsolidation_mh_262k_no45,45,1,2,The author of Dubliners is George Eliot,7516. The author of Dubliners is George Eliot.,7516,True,2,3,"[""m-e83f38f2c761aa5a2f5c0f21""]",False
1,agentmemorybench:fact-mh-262k:context-0/factconsolidation_mh_262k_no45,factconsolidation_mh_262k_no45,45,2,2,George Eliot died in the city of London,13652. George Eliot died in the city of London.,13652,True,4,5,"[""m-de83a0d2e0630ddb97f1fe54""]",False
1,agentmemorybench:fact-mh-262k:context-0/factconsolidation_mh_262k_no46,factconsolidation_mh_262k_no46,46,1,2,Sailfish OS was developed by Mitsubishi,17060. Sailfish OS was developed by Mitsubishi.,17060,False,,,[],False
1,agentmemorybench:fact-mh-262k:context-0/factconsolidation_mh_262k_no46,factconsolidation_mh_262k_no46,46,2,2,The headquarters of Mitsubishi is located in the city of Normanton,13013. The headquarters of Mitsubishi is located in the city of Normanton.,13013,False,,,[],False
1,agentmemorybench:fact-mh-262k:context-0/factconsolidation_mh_262k_no47,factconsolidation_mh_262k_no47,47,1,4,David Price plays the position of tight end,6957. David Price plays the position of tight end.,6957,True,2,3,"[""m-b7dcd8cd2d91e2a0530e94f1""]",True
1,agentmemorybench:fact-mh-262k:context-0/factconsolidation_mh_262k_no47,factconsolidation_mh_262k_no47,47,2,4,tight end is associated with the sport of field hockey,15061. tight end is associated with the sport of field hockey.,15061,False,,,[],True
1,agentmemorybench:fact-mh-262k:context-0/factconsolidation_mh_262k_no47,factconsolidation_mh_262k_no47,47,3,4,field hockey was created in the country of Philippines,7774. field hockey was created in the country of Philippines.,7774,False,,,[],True
1,agentmemorybench:fact-mh-262k:context-0/factconsolidation_mh_262k_no47,factconsolidation_mh_262k_no47,47,4,4,The capital of Philippines is Manila,1649. The capital of Philippines is Manila.,1649,False,,,[],True
1,agentmemorybench:fact-mh-262k:context-0/factconsolidation_mh_262k_no48,factconsolidation_mh_262k_no48,48,1,4,All of Me was performed by Bobby Brown,8600. All of Me was performed by Bobby Brown.,8600,True,3,4,"[""m-28069cede24e19a36554223e""]",False
1,agentmemorybench:fact-mh-262k:context-0/factconsolidation_mh_262k_no48,factconsolidation_mh_262k_no48,48,2,4,Bobby Brown is married to Lois Lane,12774. Bobby Brown is married to Lois Lane.,12774,True,7,8,"[""m-d8939565b192098f7742417a""]",False
1,agentmemorybench:fact-mh-262k:context-0/factconsolidation_mh_262k_no48,factconsolidation_mh_262k_no48,48,3,4,Lois Lane is a citizen of South Korea,11186. Lois Lane is a citizen of South Korea.,11186,True,7,8,"[""m-323e3517faf8135a089224ca""]",False
1,agentmemorybench:fact-mh-262k:context-0/factconsolidation_mh_262k_no48,factconsolidation_mh_262k_no48,48,4,4,The official language of South Korea is Spanish,17625. The official language of South Korea is Spanish.,17625,True,3,4,"[""m-098e8f358b290e8ba2babe14""]",False
1,agentmemorybench:fact-mh-262k:context-0/factconsolidation_mh_262k_no49,factconsolidation_mh_262k_no49,49,1,2,Indiana Jones was created by A. A. Milne,16885. Indiana Jones was created by A. A. Milne.,16885,True,3,4,"[""m-ac04b749be9809cc151a3f0e""]",False
1,agentmemorybench:fact-mh-262k:context-0/factconsolidation_mh_262k_no49,factconsolidation_mh_262k_no49,49,2,2,A. A. Milne was born in the city of Lüftelberg,9989. A. A. Milne was born in the city of Lüftelberg.,9989,True,3,4,"[""m-1d5745d8b432a6047b4dd936""]",False
1,agentmemorybench:fact-mh-262k:context-0/factconsolidation_mh_262k_no50,factconsolidation_mh_262k_no50,50,1,2,The company that produced Chevrolet Chevelle is Peugeot,7530. The company that produced Chevrolet Chevelle is Peugeot.,7530,True,3,4,"[""m-e83f38f2c761aa5a2f5c0f21""]",False
1,agentmemorybench:fact-mh-262k:context-0/factconsolidation_mh_262k_no50,factconsolidation_mh_262k_no50,50,2,2,The chief executive officer of Peugeot is David Potts,11881. The chief executive officer of Peugeot is David Potts.,11881,False,,,[],False
1,agentmemorybench:fact-mh-262k:context-0/factconsolidation_mh_262k_no51,factconsolidation_mh_262k_no51,51,1,2,The chairperson of Economic Freedom Fighters is Roberto Calvi,12369. The chairperson of Economic Freedom Fighters is Roberto Calvi.,12369,True,3,4,"[""m-f41ccd0cde28da235a2664ef""]",False
1,agentmemorybench:fact-mh-262k:context-0/factconsolidation_mh_262k_no51,factconsolidation_mh_262k_no51,51,2,2,Roberto Calvi works in the field of composer,11395. Roberto Calvi works in the field of composer.,11395,True,5,6,"[""m-ae3c59715d1425023fba9b40""]",False
1,agentmemorybench:fact-mh-262k:context-0/factconsolidation_mh_262k_no52,factconsolidation_mh_262k_no52,52,1,4,Windows Aero was developed by Electronic Arts,11440. Windows Aero was developed by Electronic Arts.,11440,True,4,5,"[""m-ae3c59715d1425023fba9b40""]",False
1,agentmemorybench:fact-mh-262k:context-0/factconsolidation_mh_262k_no52,factconsolidation_mh_262k_no52,52,2,4,The chief executive officer of Electronic Arts is Elon Musk,10564. The chief executive officer of Electronic Arts is Elon Musk.,10564,True,4,5,"[""m-ec21766410e0c5f0e5f7320f""]",False
1,agentmemorybench:fact-mh-262k:context-0/factconsolidation_mh_262k_no52,factconsolidation_mh_262k_no52,52,3,4,Elon Musk was born in the city of New Zealand,14913. Elon Musk was born in the city of New Zealand.,14913,True,4,5,"[""m-4b387e35592c018e238fb4ed""]",False
1,agentmemorybench:fact-mh-262k:context-0/factconsolidation_mh_262k_no52,factconsolidation_mh_262k_no52,52,4,4,New Zealand is located in the continent of Africa,14051. New Zealand is located in the continent of Africa.,14051,True,6,7,"[""m-621e3928a351e7bbd9e11337""]",False
1,agentmemorybench:fact-mh-262k:context-0/factconsolidation_mh_262k_no53,factconsolidation_mh_262k_no53,53,1,3,The type of music that Julian Lennon plays is soul music,18039. The type of music that Julian Lennon plays is soul music.,18039,False,,,[],True
1,agentmemorybench:fact-mh-262k:context-0/factconsolidation_mh_262k_no53,factconsolidation_mh_262k_no53,53,2,3,soul music was created in the country of United States of America,11957. soul music was created in the country of United States of America.,11957,True,3,4,"[""m-32937397b194ea97822b7885""]",True
1,agentmemorybench:fact-mh-262k:context-0/factconsolidation_mh_262k_no53,factconsolidation_mh_262k_no53,53,3,3,The name of the current head of the United States of America government is Ole Johan Vierdal,14719. The name of the current head of the United States of America government is Ole Johan Vierdal.,14719,False,,,[],True
1,agentmemorybench:fact-mh-262k:context-0/factconsolidation_mh_262k_no54,factconsolidation_mh_262k_no54,54,1,3,Steve Cooley is affiliated with the religion of Methodism,11860. Steve Cooley is affiliated with the religion of Methodism.,11860,True,3,4,"[""m-cc9026da2a96fd1bdeb2953b""]",False
1,agentmemorybench:fact-mh-262k:context-0/factconsolidation_mh_262k_no54,factconsolidation_mh_262k_no54,54,2,3,Methodism was founded by Joseph Goebbels,6876. Methodism was founded by Joseph Goebbels.,6876,True,3,4,"[""m-971985574eb04740c13ad5c1""]",False
1,agentmemorybench:fact-mh-262k:context-0/factconsolidation_mh_262k_no54,factconsolidation_mh_262k_no54,54,3,3,"Joseph Goebbels worked in the city of Washington, D.C.","13978. Joseph Goebbels worked in the city of Washington, D.C..",13978,True,5,6,"[""m-621e3928a351e7bbd9e11337""]",False
1,agentmemorybench:fact-mh-262k:context-0/factconsolidation_mh_262k_no55,factconsolidation_mh_262k_no55,55,1,4,The origianl broadcaster of The Partridge Family is British Broadcasting Corporation,18223. The origianl broadcaster of The Partridge Family is British Broadcasting Corporation.,18223,True,2,3,"[""m-e8c89d3ba3aa543273171efa""]",False
1,agentmemorybench:fact-mh-262k:context-0/factconsolidation_mh_262k_no55,factconsolidation_mh_262k_no55,55,2,4,The director of British Broadcasting Corporation is Narendra Modi,12252. The director of British Broadcasting Corporation is Narendra Modi.,12252,True,4,5,"[""m-f41ccd0cde28da235a2664ef""]",False
1,agentmemorybench:fact-mh-262k:context-0/factconsolidation_mh_262k_no55,factconsolidation_mh_262k_no55,55,3,4,Narendra Modi is a citizen of Australia,12321. Narendra Modi is a citizen of Australia.,12321,True,4,5,"[""m-f41ccd0cde28da235a2664ef""]",False
1,agentmemorybench:fact-mh-262k:context-0/factconsolidation_mh_262k_no55,factconsolidation_mh_262k_no55,55,4,4,The capital of Australia is Oderzo,1503. The capital of Australia is Oderzo.,1503,True,6,7,"[""m-9775f81addddef3bf5347951""]",False
1,agentmemorybench:fact-mh-262k:context-0/factconsolidation_mh_262k_no56,factconsolidation_mh_262k_no56,56,1,2,Philip Agee is employed by Federal Bureau of Investigation,14409. Philip Agee is employed by Federal Bureau of Investigation.,14409,True,2,3,"[""m-95bbccbd6a08d16d05369687""]",True
1,agentmemorybench:fact-mh-262k:context-0/factconsolidation_mh_262k_no56,factconsolidation_mh_262k_no56,56,2,2,The director of Federal Bureau of Investigation is Christopher A. Wray,10118. The director of Federal Bureau of Investigation is Christopher A. Wray.,10118,True,2,3,"[""m-1d5745d8b432a6047b4dd936""]",True
1,agentmemorybench:fact-mh-262k:context-0/factconsolidation_mh_262k_no57,factconsolidation_mh_262k_no57,57,1,3,Saint Eligius is affiliated with the religion of Methodism,12629. Saint Eligius is affiliated with the religion of Methodism.,12629,True,10,11,"[""m-b4f7617ddfde634fb0ac7372""]",True
1,agentmemorybench:fact-mh-262k:context-0/factconsolidation_mh_262k_no57,factconsolidation_mh_262k_no57,57,2,3,Methodism was founded by John Wesley,6850. Methodism was founded by John Wesley.,6850,True,4,5,"[""m-971985574eb04740c13ad5c1""]",True
1,agentmemorybench:fact-mh-262k:context-0/factconsolidation_mh_262k_no57,factconsolidation_mh_262k_no57,57,3,3,John Wesley was born in the city of Epworth,2049. John Wesley was born in the city of Epworth.,2049,True,4,5,"[""m-2a46f1804e76d4daa1449ec5""]",True
1,agentmemorybench:fact-mh-262k:context-0/factconsolidation_mh_262k_no58,factconsolidation_mh_262k_no58,58,1,2,The author of The Age of Reason is Allen Ginsberg,3850. The author of The Age of Reason is Allen Ginsberg.,3850,True,2,3,"[""m-154bcacb92d86a5c9d325b00""]",False
1,agentmemorybench:fact-mh-262k:context-0/factconsolidation_mh_262k_no58,factconsolidation_mh_262k_no58,58,2,2,Allen Ginsberg is famous for Natya Shastra,15802. Allen Ginsberg is famous for Natya Shastra.,15802,False,,,[],False
1,agentmemorybench:fact-mh-262k:context-0/factconsolidation_mh_262k_no59,factconsolidation_mh_262k_no59,59,1,2,The Illinois Attorney General is Ben Carson,15803. The Illinois Attorney General is Ben Carson.,15803,True,2,3,"[""m-0b1df58bb07f6d7652d8dfb1""]",False
1,agentmemorybench:fact-mh-262k:context-0/factconsolidation_mh_262k_no59,factconsolidation_mh_262k_no59,59,2,2,"Ben Carson was born in the city of Higashiyamanashi District, Yamanashi","16748. Ben Carson was born in the city of Higashiyamanashi District, Yamanashi.",16748,False,,,[],False
1,agentmemorybench:fact-mh-262k:context-0/factconsolidation_mh_262k_no60,factconsolidation_mh_262k_no60,60,1,2,Nicholas V is affiliated with the religion of The Church of Jesus Christ of Latter-day Saints,2493. Nicholas V is affiliated with the religion of The Church of Jesus Christ of Latter-day Saints.,2493,True,2,3,"[""m-a0156ee0ec6cb0be09a290e7""]",False
1,agentmemorybench:fact-mh-262k:context-0/factconsolidation_mh_262k_no60,factconsolidation_mh_262k_no60,60,2,2,The Church of Jesus Christ of Latter-day Saints was founded by Lyndon B. Johnson,18045. The Church of Jesus Christ of Latter-day Saints was founded by Lyndon B. Johnson.,18045,True,4,5,"[""m-0a2ca057cd4e91028f99f848""]",False
1,agentmemorybench:fact-mh-262k:context-0/factconsolidation_mh_262k_no61,factconsolidation_mh_262k_no61,61,1,2,The author of Ivanhoe is Walter Scott,8885. The author of Ivanhoe is Walter Scott.,8885,True,3,4,"[""m-27a012671d73f03a3fd6b638""]",False
1,agentmemorybench:fact-mh-262k:context-0/factconsolidation_mh_262k_no61,factconsolidation_mh_262k_no61,61,2,2,Walter Scott was born in the city of Mexico City,15538. Walter Scott was born in the city of Mexico City.,15538,True,3,4,"[""m-0e33301d9eea6a7743aacd1f""]",False
1,agentmemorybench:fact-mh-262k:context-0/factconsolidation_mh_262k_no62,factconsolidation_mh_262k_no62,62,1,2,Feluda was created by Terry Pratchett,14519. Feluda was created by Terry Pratchett.,14519,True,2,3,"[""m-95bbccbd6a08d16d05369687""]",False
1,agentmemorybench:fact-mh-262k:context-0/factconsolidation_mh_262k_no62,factconsolidation_mh_262k_no62,62,2,2,Terry Pratchett's child is Zygmunt Krasiński,9416. Terry Pratchett's child is Zygmunt Krasiński.,9416,True,4,5,"[""m-feaf7a534f97d17286f510dc""]",False
1,agentmemorybench:fact-mh-262k:context-0/factconsolidation_mh_262k_no63,factconsolidation_mh_262k_no63,63,1,4,The origianl broadcaster of NHL on ABC is British Broadcasting Corporation,12622. The origianl broadcaster of NHL on ABC is British Broadcasting Corporation.,12622,True,4,5,"[""m-b4f7617ddfde634fb0ac7372""]",True
1,agentmemorybench:fact-mh-262k:context-0/factconsolidation_mh_262k_no63,factconsolidation_mh_262k_no63,63,2,4,The director of British Broadcasting Corporation is Narendra Modi,12252. The director of British Broadcasting Corporation is Narendra Modi.,12252,True,3,4,"[""m-f41ccd0cde28da235a2664ef""]",True
1,agentmemorybench:fact-mh-262k:context-0/factconsolidation_mh_262k_no63,factconsolidation_mh_262k_no63,63,3,4,Narendra Modi is a citizen of India,8510. Narendra Modi is a citizen of India.,8510,True,6,7,"[""m-aff4df280c82222c41cd9dbd""]",True
1,agentmemorybench:fact-mh-262k:context-0/factconsolidation_mh_262k_no63,factconsolidation_mh_262k_no63,63,4,4,The capital of India is New Delhi,5269. The capital of India is New Delhi.,5269,False,,,[],True
1,agentmemorybench:fact-mh-262k:context-0/factconsolidation_mh_262k_no64,factconsolidation_mh_262k_no64,64,1,2,Yip Harburg is a citizen of United Kingdom,14116. Yip Harburg is a citizen of United Kingdom.,14116,True,2,3,"[""m-1013038271bffdb5b4d7d9a5""]",False
1,agentmemorybench:fact-mh-262k:context-0/factconsolidation_mh_262k_no64,factconsolidation_mh_262k_no64,64,2,2,The official language of United Kingdom is Finnish,6089. The official language of United Kingdom is Finnish.,6089,False,,,[],False
1,agentmemorybench:fact-mh-262k:context-0/factconsolidation_mh_262k_no65,factconsolidation_mh_262k_no65,65,1,2,The author of Dune is William Shakespeare,8560. The author of Dune is William Shakespeare.,8560,True,2,3,"[""m-aff4df280c82222c41cd9dbd""]",False
1,agentmemorybench:fact-mh-262k:context-0/factconsolidation_mh_262k_no65,factconsolidation_mh_262k_no65,65,2,2,The type of music that William Shakespeare plays is progressive rock,16788. The type of music that William Shakespeare plays is progressive rock.,16788,False,,,[],False
1,agentmemorybench:fact-mh-262k:context-0/factconsolidation_mh_262k_no66,factconsolidation_mh_262k_no66,66,1,2,Thomas Dolby was born in the city of Los Angeles,9747. Thomas Dolby was born in the city of Los Angeles.,9747,True,2,3,"[""m-3d125b0f0545f62e1d4dad28""]",False
1,agentmemorybench:fact-mh-262k:context-0/factconsolidation_mh_262k_no66,factconsolidation_mh_262k_no66,66,2,2,Los Angeles is located in the continent of South America,9317. Los Angeles is located in the continent of South America.,9317,True,4,5,"[""m-feaf7a534f97d17286f510dc""]",False
1,agentmemorybench:fact-mh-262k:context-0/factconsolidation_mh_262k_no67,factconsolidation_mh_262k_no67,67,1,2,House of Bonaparte was founded by Gustav I of Sweden,16559. House of Bonaparte was founded by Gustav I of Sweden.,16559,True,2,3,"[""m-942f5722dd6757610c2e118b""]",False
1,agentmemorybench:fact-mh-262k:context-0/factconsolidation_mh_262k_no67,factconsolidation_mh_262k_no67,67,2,2,The univeristy where Gustav I of Sweden was educated is Trinity College Dublin,6515. The univeristy where Gustav I of Sweden was educated is Trinity College Dublin.,6515,True,4,5,"[""m-9114fa7460e0af8f396d5e59""]",False
1,agentmemorybench:fact-mh-262k:context-0/factconsolidation_mh_262k_no68,factconsolidation_mh_262k_no68,68,1,2,The company that produced Chevrolet Caprice is Boeing,15214. The company that produced Chevrolet Caprice is Boeing.,15214,True,2,3,"[""m-25705ac9d5e8865bd0ef9821""]",False
1,agentmemorybench:fact-mh-262k:context-0/factconsolidation_mh_262k_no68,factconsolidation_mh_262k_no68,68,2,2,Boeing was founded in the city of Silver Lake,8796. Boeing was founded in the city of Silver Lake.,8796,True,4,5,"[""m-28069cede24e19a36554223e""]",False
1,agentmemorybench:fact-mh-262k:context-0/factconsolidation_mh_262k_no69,factconsolidation_mh_262k_no69,69,1,4,Benjamin Sisko was performed by Extreme,11662. Benjamin Sisko was performed by Extreme.,11662,True,2,3,"[""m-cc9026da2a96fd1bdeb2953b""]",False
1,agentmemorybench:fact-mh-262k:context-0/factconsolidation_mh_262k_no69,factconsolidation_mh_262k_no69,69,2,4,The type of music that Extreme plays is jazz,5558. The type of music that Extreme plays is jazz.,5558,True,4,5,"[""m-b7d3a9321839d30b4fca32c4""]",False
1,agentmemorybench:fact-mh-262k:context-0/factconsolidation_mh_262k_no69,factconsolidation_mh_262k_no69,69,3,4,jazz was created in the country of Romania,16135. jazz was created in the country of Romania.,16135,True,6,7,"[""m-0b1100aa2215e071bf08a812""]",False
1,agentmemorybench:fact-mh-262k:context-0/factconsolidation_mh_262k_no69,factconsolidation_mh_262k_no69,69,4,4,The capital of Romania is Rajanpur,4332. The capital of Romania is Rajanpur.,4332,True,8,9,"[""m-fe91a1e8a803d8f45780f318""]",False
1,agentmemorybench:fact-mh-262k:context-0/factconsolidation_mh_262k_no70,factconsolidation_mh_262k_no70,70,1,3,The author of David Copperfield is Charles Darwin,6767. The author of David Copperfield is Charles Darwin.,6767,True,4,5,"[""m-971985574eb04740c13ad5c1""]",False
1,agentmemorybench:fact-mh-262k:context-0/factconsolidation_mh_262k_no70,factconsolidation_mh_262k_no70,70,2,3,Charles Darwin is married to Amala Paul,11735. Charles Darwin is married to Amala Paul.,11735,True,4,5,"[""m-cc9026da2a96fd1bdeb2953b""]",False
1,agentmemorybench:fact-mh-262k:context-0/factconsolidation_mh_262k_no70,factconsolidation_mh_262k_no70,70,3,3,Amala Paul is a citizen of Belgium,7139. Amala Paul is a citizen of Belgium.,7139,True,4,5,"[""m-b7dcd8cd2d91e2a0530e94f1""]",False
1,agentmemorybench:fact-mh-262k:context-0/factconsolidation_mh_262k_no71,factconsolidation_mh_262k_no71,71,1,2,Francis Parkman is employed by Office of Strategic Services,15193. Francis Parkman is employed by Office of Strategic Services.,15193,True,2,3,"[""m-25705ac9d5e8865bd0ef9821""]",True
1,agentmemorybench:fact-mh-262k:context-0/factconsolidation_mh_262k_no71,factconsolidation_mh_262k_no71,71,2,2,The chairperson of Office of Strategic Services is William J. Donovan,1171. The chairperson of Office of Strategic Services is William J. Donovan.,1171,True,2,3,"[""m-3576b8a194151a5c0e81bdc5""]",True
1,agentmemorybench:fact-mh-262k:context-0/factconsolidation_mh_262k_no72,factconsolidation_mh_262k_no72,72,1,4,The origianl broadcaster of Good Morning America is American Broadcasting Company,13274. The origianl broadcaster of Good Morning America is American Broadcasting Company.,13274,False,,,[],True
1,agentmemorybench:fact-mh-262k:context-0/factconsolidation_mh_262k_no72,factconsolidation_mh_262k_no72,72,2,4,The director of American Broadcasting Company is Ernst Heinkel,11457. The director of American Broadcasting Company is Ernst Heinkel.,11457,True,2,3,"[""m-ae3c59715d1425023fba9b40""]",True
1,agentmemorybench:fact-mh-262k:context-0/factconsolidation_mh_262k_no72,factconsolidation_mh_262k_no72,72,3,4,Ernst Heinkel is a citizen of Tang Empire,8834. Ernst Heinkel is a citizen of Tang Empire.,8834,False,,,[],True
1,agentmemorybench:fact-mh-262k:context-0/factconsolidation_mh_262k_no72,factconsolidation_mh_262k_no72,72,4,4,The capital of Tang Empire is Beaumont,11432. The capital of Tang Empire is Beaumont.,11432,False,,,[],True
1,agentmemorybench:fact-mh-262k:context-0/factconsolidation_mh_262k_no73,factconsolidation_mh_262k_no73,73,1,2,Pee Wee King is a citizen of France,8543. Pee Wee King is a citizen of France.,8543,True,2,3,"[""m-aff4df280c82222c41cd9dbd""]",False
1,agentmemorybench:fact-mh-262k:context-0/factconsolidation_mh_262k_no73,factconsolidation_mh_262k_no73,73,2,2,The official language of France is Hebrew,16085. The official language of France is Hebrew.,16085,True,4,5,"[""m-0b1100aa2215e071bf08a812""]",False
1,agentmemorybench:fact-mh-262k:context-0/factconsolidation_mh_262k_no74,factconsolidation_mh_262k_no74,74,1,2,Tomokazu Seki is a citizen of United States of America,14560. Tomokazu Seki is a citizen of United States of America.,14560,True,2,3,"[""m-95bbccbd6a08d16d05369687""]",False
1,agentmemorybench:fact-mh-262k:context-0/factconsolidation_mh_262k_no74,factconsolidation_mh_262k_no74,74,2,2,The official language of United States of America is German,17661. The official language of United States of America is German.,17661,False,,,[],False
1,agentmemorybench:fact-mh-262k:context-0/factconsolidation_mh_262k_no75,factconsolidation_mh_262k_no75,75,1,4,Taxman was performed by Madonna,12510. Taxman was performed by Madonna.,12510,True,3,4,"[""m-b4f7617ddfde634fb0ac7372""]",True
1,agentmemorybench:fact-mh-262k:context-0/factconsolidation_mh_262k_no75,factconsolidation_mh_262k_no75,75,2,4,The director of Madonna is Narendra Modi,12455. The director of Madonna is Narendra Modi.,12455,True,3,4,"[""m-b4f7617ddfde634fb0ac7372""]",True
1,agentmemorybench:fact-mh-262k:context-0/factconsolidation_mh_262k_no75,factconsolidation_mh_262k_no75,75,3,4,Narendra Modi is a citizen of India,8510. Narendra Modi is a citizen of India.,8510,True,3,4,"[""m-aff4df280c82222c41cd9dbd""]",True
1,agentmemorybench:fact-mh-262k:context-0/factconsolidation_mh_262k_no75,factconsolidation_mh_262k_no75,75,4,4,India is located in the continent of Asia,12155. India is located in the continent of Asia.,12155,True,5,6,"[""m-32937397b194ea97822b7885""]",True
1,agentmemorybench:fact-mh-262k:context-0/factconsolidation_mh_262k_no76,factconsolidation_mh_262k_no76,76,1,2,centrifugal governor was created by Robert Louis Stevenson,18296. centrifugal governor was created by Robert Louis Stevenson.,18296,False,,,[],True
1,agentmemorybench:fact-mh-262k:context-0/factconsolidation_mh_262k_no76,factconsolidation_mh_262k_no76,76,2,2,Robert Louis Stevenson was born in the city of Edinburgh,1004. Robert Louis Stevenson was born in the city of Edinburgh.,1004,False,,,[],True
1,agentmemorybench:fact-mh-262k:context-0/factconsolidation_mh_262k_no77,factconsolidation_mh_262k_no77,77,1,4,The author of Star Trek canon is Joseph Goebbels,15429. The author of Star Trek canon is Joseph Goebbels.,15429,True,5,6,"[""m-25705ac9d5e8865bd0ef9821""]",True
1,agentmemorybench:fact-mh-262k:context-0/factconsolidation_mh_262k_no77,factconsolidation_mh_262k_no77,77,2,4,Joseph Goebbels is married to Magda Goebbels,5452. Joseph Goebbels is married to Magda Goebbels.,5452,True,5,6,"[""m-b7d3a9321839d30b4fca32c4""]",True
1,agentmemorybench:fact-mh-262k:context-0/factconsolidation_mh_262k_no77,factconsolidation_mh_262k_no77,77,3,4,Magda Goebbels is a citizen of Germany,7446. Magda Goebbels is a citizen of Germany.,7446,False,,,[],True
1,agentmemorybench:fact-mh-262k:context-0/factconsolidation_mh_262k_no77,factconsolidation_mh_262k_no77,77,4,4,The capital of Germany is Berlin,5157. The capital of Germany is Berlin.,5157,False,,,[],True
1,agentmemorybench:fact-mh-262k:context-0/factconsolidation_mh_262k_no78,factconsolidation_mh_262k_no78,78,1,2,Eric Weissberg is a citizen of United Kingdom,17430. Eric Weissberg is a citizen of United Kingdom.,17430,True,2,3,"[""m-098e8f358b290e8ba2babe14""]",False
1,agentmemorybench:fact-mh-262k:context-0/factconsolidation_mh_262k_no78,factconsolidation_mh_262k_no78,78,2,2,The official language of United Kingdom is Finnish,6089. The official language of United Kingdom is Finnish.,6089,False,,,[],False
1,agentmemorybench:fact-mh-262k:context-0/factconsolidation_mh_262k_no79,factconsolidation_mh_262k_no79,79,1,2,The univeristy where Tom Selleck was educated is Academy of Fine Arts Vienna,15922. The univeristy where Tom Selleck was educated is Academy of Fine Arts Vienna.,15922,True,3,4,"[""m-0b1df58bb07f6d7652d8dfb1""]",True
1,agentmemorybench:fact-mh-262k:context-0/factconsolidation_mh_262k_no79,factconsolidation_mh_262k_no79,79,2,2,The headquarters of Academy of Fine Arts Vienna is located in the city of Vienna,2322. The headquarters of Academy of Fine Arts Vienna is located in the city of Vienna.,2322,True,3,4,"[""m-a0156ee0ec6cb0be09a290e7""]",True
1,agentmemorybench:fact-mh-262k:context-0/factconsolidation_mh_262k_no80,factconsolidation_mh_262k_no80,80,1,2,Mario Puzo is famous for Billy Elliot the Musical,17575. Mario Puzo is famous for Billy Elliot the Musical.,17575,True,2,3,"[""m-098e8f358b290e8ba2babe14""]",False
1,agentmemorybench:fact-mh-262k:context-0/factconsolidation_mh_262k_no80,factconsolidation_mh_262k_no80,80,2,2,Billy Elliot the Musical was written in the language of American English,15876. Billy Elliot the Musical was written in the language of American English.,15876,False,,,[],False
1,agentmemorybench:fact-mh-262k:context-0/factconsolidation_mh_262k_no81,factconsolidation_mh_262k_no81,81,1,2,Teenage Fanclub was created in the country of Italy,18252. Teenage Fanclub was created in the country of Italy.,18252,True,2,3,"[""m-e8c89d3ba3aa543273171efa""]",False
1,agentmemorybench:fact-mh-262k:context-0/factconsolidation_mh_262k_no81,factconsolidation_mh_262k_no81,81,2,2,Italy is located in the continent of Oceania,15152. Italy is located in the continent of Oceania.,15152,False,,,[],False
1,agentmemorybench:fact-mh-262k:context-0/factconsolidation_mh_262k_no82,factconsolidation_mh_262k_no82,82,1,3,Edward Mooney is affiliated with the religion of Christian Science,16369. Edward Mooney is affiliated with the religion of Christian Science.,16369,True,3,4,"[""m-e88cdf413fbf8a7ac37bd0fb""]",True
1,agentmemorybench:fact-mh-262k:context-0/factconsolidation_mh_262k_no82,factconsolidation_mh_262k_no82,82,2,3,Christian Science was founded by Ibn Saud,11909. Christian Science was founded by Ibn Saud.,11909,True,3,4,"[""m-32937397b194ea97822b7885""]",True
1,agentmemorybench:fact-mh-262k:context-0/factconsolidation_mh_262k_no82,factconsolidation_mh_262k_no82,82,3,3,Ibn Saud worked in the city of Riyadh Region,5988. Ibn Saud worked in the city of Riyadh Region.,5988,True,5,6,"[""m-6fd0269b08ed390fee96395f""]",True
1,agentmemorybench:fact-mh-262k:context-0/factconsolidation_mh_262k_no83,factconsolidation_mh_262k_no83,83,1,2,Lalu Prasad Yadav is married to Goldust,14252. Lalu Prasad Yadav is married to Goldust.,14252,True,2,3,"[""m-1013038271bffdb5b4d7d9a5""]",False
1,agentmemorybench:fact-mh-262k:context-0/factconsolidation_mh_262k_no83,factconsolidation_mh_262k_no83,83,2,2,Goldust works in the field of singer,2458. Goldust works in the field of singer.,2458,False,,,[],False
1,agentmemorybench:fact-mh-262k:context-0/factconsolidation_mh_262k_no84,factconsolidation_mh_262k_no84,84,1,4,Enrico Villanueva plays the position of closer,8364. Enrico Villanueva plays the position of closer.,8364,True,2,3,"[""m-aff4df280c82222c41cd9dbd""]",True
1,agentmemorybench:fact-mh-262k:context-0/factconsolidation_mh_262k_no84,factconsolidation_mh_262k_no84,84,2,4,closer is associated with the sport of baseball,3281. closer is associated with the sport of baseball.,3281,True,4,5,"[""m-22130c7cb447261eda31ef6b""]",True
1,agentmemorybench:fact-mh-262k:context-0/factconsolidation_mh_262k_no84,factconsolidation_mh_262k_no84,84,3,4,baseball was created in the country of Japan,14700. baseball was created in the country of Japan.,14700,False,,,[],True
1,agentmemorybench:fact-mh-262k:context-0/factconsolidation_mh_262k_no84,factconsolidation_mh_262k_no84,84,4,4,The capital of Japan is Bondi Junction,2279. The capital of Japan is Bondi Junction.,2279,False,,,[],True
1,agentmemorybench:fact-mh-262k:context-0/factconsolidation_mh_262k_no85,factconsolidation_mh_262k_no85,85,1,2,The author of Julius Caesar is Aristotle,11230. The author of Julius Caesar is Aristotle.,11230,True,3,4,"[""m-323e3517faf8135a089224ca""]",True
1,agentmemorybench:fact-mh-262k:context-0/factconsolidation_mh_262k_no85,factconsolidation_mh_262k_no85,85,2,2,Aristotle works in the field of philosopher,3844. Aristotle works in the field of philosopher.,3844,True,3,4,"[""m-154bcacb92d86a5c9d325b00""]",True
1,agentmemorybench:fact-mh-262k:context-0/factconsolidation_mh_262k_no86,factconsolidation_mh_262k_no86,86,1,2,Benigno Aquino Jr. is married to Corazon Aquino,13598. Benigno Aquino Jr. is married to Corazon Aquino.,13598,True,2,3,"[""m-de83a0d2e0630ddb97f1fe54""]",False
1,agentmemorybench:fact-mh-262k:context-0/factconsolidation_mh_262k_no86,factconsolidation_mh_262k_no86,86,2,2,Corazon Aquino is affiliated with the religion of Methodism,12137. Corazon Aquino is affiliated with the religion of Methodism.,12137,True,2,3,"[""m-32937397b194ea97822b7885""]",False
1,agentmemorybench:fact-mh-262k:context-0/factconsolidation_mh_262k_no87,factconsolidation_mh_262k_no87,87,1,3,WWE Tough Enough was created by William Shakespeare,17835. WWE Tough Enough was created by William Shakespeare.,17835,True,4,5,"[""m-0f10fff25f4f2295def856b4""]",False
1,agentmemorybench:fact-mh-262k:context-0/factconsolidation_mh_262k_no87,factconsolidation_mh_262k_no87,87,2,3,William Shakespeare is married to Philip IV of France,15399. William Shakespeare is married to Philip IV of France.,15399,True,4,5,"[""m-25705ac9d5e8865bd0ef9821""]",False
1,agentmemorybench:fact-mh-262k:context-0/factconsolidation_mh_262k_no87,factconsolidation_mh_262k_no87,87,3,3,Philip IV of France is a citizen of Ireland,13376. Philip IV of France is a citizen of Ireland.,13376,True,4,5,"[""m-8ea23f7d97db2ab60eec5ae4""]",False
1,agentmemorybench:fact-mh-262k:context-0/factconsolidation_mh_262k_no88,factconsolidation_mh_262k_no88,88,1,2,Outsourced was created in the country of Turkey,17728. Outsourced was created in the country of Turkey.,17728,True,3,4,"[""m-0f10fff25f4f2295def856b4""]",True
1,agentmemorybench:fact-mh-262k:context-0/factconsolidation_mh_262k_no88,factconsolidation_mh_262k_no88,88,2,2,The name of the current head of state in Turkey is Recep Tayyip Erdoğan,7550. The name of the current head of state in Turkey is Recep Tayyip Erdoğan.,7550,True,3,4,"[""m-e83f38f2c761aa5a2f5c0f21""]",True
1,agentmemorybench:fact-mh-262k:context-0/factconsolidation_mh_262k_no89,factconsolidation_mh_262k_no89,89,1,2,The origianl broadcaster of NBA on ABC is British Broadcasting Corporation,13862. The origianl broadcaster of NBA on ABC is British Broadcasting Corporation.,13862,True,4,5,"[""m-621e3928a351e7bbd9e11337""]",False
1,agentmemorybench:fact-mh-262k:context-0/factconsolidation_mh_262k_no89,factconsolidation_mh_262k_no89,89,2,2,The headquarters of British Broadcasting Corporation is located in the city of Red Bank,8346. The headquarters of British Broadcasting Corporation is located in the city of Red Bank.,8346,True,6,7,"[""m-aff4df280c82222c41cd9dbd""]",False
1,agentmemorybench:fact-mh-262k:context-0/factconsolidation_mh_262k_no90,factconsolidation_mh_262k_no90,90,1,2,Dzhokhar Dudayev is affiliated with the religion of Catholic Church,10822. Dzhokhar Dudayev is affiliated with the religion of Catholic Church.,10822,True,3,4,"[""m-d378741b166342a8e5a0aca8""]",False
1,agentmemorybench:fact-mh-262k:context-0/factconsolidation_mh_262k_no90,factconsolidation_mh_262k_no90,90,2,2,Catholic Church was founded by Gérard Blitz,15083. Catholic Church was founded by Gérard Blitz.,15083,True,3,4,"[""m-edc48416279cf33fce68c421""]",False
1,agentmemorybench:fact-mh-262k:context-0/factconsolidation_mh_262k_no91,factconsolidation_mh_262k_no91,91,1,3,Brad Stevens is associated with the sport of basketball,8229. Brad Stevens is associated with the sport of basketball.,8229,True,2,3,"[""m-7c5d78490bb6e83cf8439922""]",True
1,agentmemorybench:fact-mh-262k:context-0/factconsolidation_mh_262k_no91,factconsolidation_mh_262k_no91,91,2,3,basketball was created in the country of Soviet Union,12608. basketball was created in the country of Soviet Union.,12608,True,4,5,"[""m-b4f7617ddfde634fb0ac7372""]",True
1,agentmemorybench:fact-mh-262k:context-0/factconsolidation_mh_262k_no91,factconsolidation_mh_262k_no91,91,3,3,The name of the current head of state in Soviet Union is Mikhail Gorbachev,13661. The name of the current head of state in Soviet Union is Mikhail Gorbachev.,13661,True,6,7,"[""m-de83a0d2e0630ddb97f1fe54""]",True
1,agentmemorybench:fact-mh-262k:context-0/factconsolidation_mh_262k_no92,factconsolidation_mh_262k_no92,92,1,3,1985 NBA Draft is associated with the sport of association football,12731. 1985 NBA Draft is associated with the sport of association football.,12731,False,,,[],False
1,agentmemorybench:fact-mh-262k:context-0/factconsolidation_mh_262k_no92,factconsolidation_mh_262k_no92,92,2,3,association football was created in the country of Italy,11954. association football was created in the country of Italy.,11954,False,,,[],False
1,agentmemorybench:fact-mh-262k:context-0/factconsolidation_mh_262k_no92,factconsolidation_mh_262k_no92,92,3,3,The name of the current head of the Italy government is Lili Bosse,13774. The name of the current head of the Italy government is Lili Bosse.,13774,False,,,[],False
1,agentmemorybench:fact-mh-262k:context-0/factconsolidation_mh_262k_no93,factconsolidation_mh_262k_no93,93,1,4,Ricky Rubio plays the position of defender,8288. Ricky Rubio plays the position of defender.,8288,False,,,[],False
1,agentmemorybench:fact-mh-262k:context-0/factconsolidation_mh_262k_no93,factconsolidation_mh_262k_no93,93,2,4,defender is associated with the sport of baseball,11894. defender is associated with the sport of baseball.,11894,False,,,[],False
1,agentmemorybench:fact-mh-262k:context-0/factconsolidation_mh_262k_no93,factconsolidation_mh_262k_no93,93,3,4,baseball was created in the country of Japan,14700. baseball was created in the country of Japan.,14700,False,,,[],False
1,agentmemorybench:fact-mh-262k:context-0/factconsolidation_mh_262k_no93,factconsolidation_mh_262k_no93,93,4,4,The capital of Japan is Bondi Junction,2279. The capital of Japan is Bondi Junction.,2279,False,,,[],False
1,agentmemorybench:fact-mh-262k:context-0/factconsolidation_mh_262k_no94,factconsolidation_mh_262k_no94,94,1,2,Flogging Molly was created in the country of Germany,10389. Flogging Molly was created in the country of Germany.,10389,True,3,4,"[""m-8a1ac4543999c1eeeb063bdd""]",False
1,agentmemorybench:fact-mh-262k:context-0/factconsolidation_mh_262k_no94,factconsolidation_mh_262k_no94,94,2,2,The official language of Germany is English,15405. The official language of Germany is English.,15405,True,3,4,"[""m-25705ac9d5e8865bd0ef9821""]",False
1,agentmemorybench:fact-mh-262k:context-0/factconsolidation_mh_262k_no95,factconsolidation_mh_262k_no95,95,1,2,Link was created by Shigeru Miyamoto,4947. Link was created by Shigeru Miyamoto.,4947,True,2,3,"[""m-65ddf9819a5ecf5e4656074f""]",False
1,agentmemorybench:fact-mh-262k:context-0/factconsolidation_mh_262k_no95,factconsolidation_mh_262k_no95,95,2,2,Shigeru Miyamoto is employed by University of Oxford,9006. Shigeru Miyamoto is employed by University of Oxford.,9006,True,10,11,"[""m-27a012671d73f03a3fd6b638""]",False
1,agentmemorybench:fact-mh-262k:context-0/factconsolidation_mh_262k_no96,factconsolidation_mh_262k_no96,96,1,3,Dave Dombrowski is employed by Detroit Tigers,10023. Dave Dombrowski is employed by Detroit Tigers.,10023,True,2,3,"[""m-1d5745d8b432a6047b4dd936""]",True
1,agentmemorybench:fact-mh-262k:context-0/factconsolidation_mh_262k_no96,factconsolidation_mh_262k_no96,96,2,3,Detroit Tigers is associated with the sport of cricket,15317. Detroit Tigers is associated with the sport of cricket.,15317,False,,,[],True
1,agentmemorybench:fact-mh-262k:context-0/factconsolidation_mh_262k_no96,factconsolidation_mh_262k_no96,96,3,3,cricket was created in the country of Australia,16113. cricket was created in the country of Australia.,16113,False,,,[],True
1,agentmemorybench:fact-mh-262k:context-0/factconsolidation_mh_262k_no97,factconsolidation_mh_262k_no97,97,1,2,Bobby Hurley plays the position of midfielder,8861. Bobby Hurley plays the position of midfielder.,8861,True,2,3,"[""m-28069cede24e19a36554223e""]",False
1,agentmemorybench:fact-mh-262k:context-0/factconsolidation_mh_262k_no97,factconsolidation_mh_262k_no97,97,2,2,midfielder is associated with the sport of sumo,17570. midfielder is associated with the sport of sumo.,17570,True,4,5,"[""m-098e8f358b290e8ba2babe14""]",False
1,agentmemorybench:fact-mh-262k:context-0/factconsolidation_mh_262k_no98,factconsolidation_mh_262k_no98,98,1,3,Jacqueline Kennedy Onassis is affiliated with the religion of Church of Scotland,17797. Jacqueline Kennedy Onassis is affiliated with the religion of Church of Scotland.,17797,True,3,4,"[""m-0f10fff25f4f2295def856b4""]",True
1,agentmemorybench:fact-mh-262k:context-0/factconsolidation_mh_262k_no98,factconsolidation_mh_262k_no98,98,2,3,Church of Scotland was founded by John Knox,9687. Church of Scotland was founded by John Knox.,9687,True,3,4,"[""m-8988c2999d80d11c33dcaf06""]",True
1,agentmemorybench:fact-mh-262k:context-0/factconsolidation_mh_262k_no98,factconsolidation_mh_262k_no98,98,3,3,John Knox worked in the city of Edinburgh,4329. John Knox worked in the city of Edinburgh.,4329,True,12,13,"[""m-fe91a1e8a803d8f45780f318""]",True
1,agentmemorybench:fact-mh-262k:context-0/factconsolidation_mh_262k_no99,factconsolidation_mh_262k_no99,99,1,3,Ferdinando I de' Medici is affiliated with the religion of Methodism,11090. Ferdinando I de' Medici is affiliated with the religion of Methodism.,11090,True,3,4,"[""m-323e3517faf8135a089224ca""]",True
1,agentmemorybench:fact-mh-262k:context-0/factconsolidation_mh_262k_no99,factconsolidation_mh_262k_no99,99,2,3,Methodism was founded by John Wesley,6850. Methodism was founded by John Wesley.,6850,True,3,4,"[""m-971985574eb04740c13ad5c1""]",True
1,agentmemorybench:fact-mh-262k:context-0/factconsolidation_mh_262k_no99,factconsolidation_mh_262k_no99,99,3,3,John Wesley was born in the city of Epworth,2049. John Wesley was born in the city of Epworth.,2049,False,,,[],True
